item_id,order_id,product_id,quantity,unit_price
1,1,47,2,1059.88
2,2,65,1,323.63
3,3,35,1,1829.05
4,4,31,1,1914.48
5,5,59,1,613.46
6,6,37,1,714.39
7,6,33,1,416.65
8,7,21,1,242.61
9,8,83,1,635.6
10,9,36,3,1189.26
11,10,118,1,303.62
12,11,114,1,491.41
13,12,84,1,499.12
14,13,83,1,642.02
15,14,22,1,467.68
16,15,118,1,317.32
17,16,36,1,1195.36
18,17,90,1,87.94
19,18,83,1,660.67
20,19,72,1,380.55
21,19,17,1,148.46
22,20,110,1,585.91
23,21,4,1,986.33
24,22,58,1,1263.69
25,23,20,1,337.3
26,24,19,2,344.54
27,25,94,1,1192.18
28,26,119,1,887.03
29,26,33,1,380.18
30,27,58,2,1278.24
31,27,62,2,773.52
32,28,79,1,446.94
33,29,80,1,1169.44
34,30,40,1,354.87
35,31,26,1,357.02
36,32,5,1,359.11
37,33,66,1,344.65
38,34,112,1,334.61
39,35,99,3,748.17
40,36,20,2,333.58
41,36,115,1,539.85
42,37,25,1,408.78
43,38,77,2,1926.65
44,38,17,1,142.66
45,39,34,1,1303.2
46,40,19,1,358.72
47,41,2,3,1088.18
48,41,43,1,37.73
49,42,117,1,424.55
50,43,115,1,526.33
51,43,60,1,1469.0
52,44,17,1,142.27
53,45,67,1,260.91
54,46,6,1,440.07
55,47,7,1,724.38
56,47,52,2,462.83
57,48,72,1,378.85
58,48,106,1,1370.71
59,49,45,2,126.73
60,49,7,2,667.83
61,50,80,1,1158.68
62,51,97,1,345.45
63,52,113,2,224.93
64,53,18,1,586.48
65,54,64,1,537.29
66,55,15,1,1053.16
67,55,68,1,457.42
68,56,93,2,1108.55
69,57,86,2,397.52
70,58,22,1,451.9
71,59,66,3,356.93
72,59,30,1,2565.01
73,60,78,1,1829.17
74,60,68,1,442.27
75,61,39,1,485.16
76,62,45,1,128.13
77,63,26,1,334.59
78,63,116,3,170.7
79,64,116,1,182.75
80,65,71,3,428.63
81,66,105,1,583.65
82,67,104,3,1556.73
83,67,107,2,1166.82
84,68,33,1,387.56
85,69,38,1,506.23
86,70,27,1,766.33
87,71,24,1,198.47
88,72,15,1,1101.82
89,72,12,1,1406.84
90,73,15,1,1120.56
91,74,42,3,56.5
92,75,62,1,767.25
93,75,99,1,730.44
94,76,55,1,1947.32
95,77,12,1,1334.78
96,78,74,1,266.99
97,79,24,1,200.45
98,80,65,1,311.28
99,81,87,1,609.18
100,82,58,1,1203.52
101,83,1,2,1236.25
102,84,59,1,591.8
103,85,14,1,1310.04
104,86,24,1,208.64
105,87,120,1,259.65
106,88,64,1,568.24
107,89,100,1,2059.27
108,90,13,1,649.05
109,91,26,1,347.5
110,92,93,1,1125.56
111,92,46,1,47.0
112,93,15,1,1110.74
113,94,101,1,1739.81
114,95,83,1,648.14
115,96,11,1,1663.06
116,97,110,1,600.85
117,98,64,2,548.36
118,99,74,1,270.5
119,100,65,3,321.71
120,101,39,1,479.13
121,102,18,1,577.11
122,103,41,1,666.98
123,104,60,1,1477.96
124,105,10,1,1452.76
125,105,6,1,439.19
126,106,3,2,823.35
127,107,120,1,251.74
128,108,76,1,2656.39
129,109,102,1,1490.13
130,109,4,2,949.54
131,110,17,2,151.25
132,111,72,1,377.44
133,112,23,2,518.81
134,113,49,1,778.44
135,114,15,1,1106.64
136,114,46,1,46.92
137,115,35,1,1833.08
138,116,9,1,1734.73
139,117,76,1,2546.66
140,117,70,3,195.79
141,118,72,1,377.61
142,119,103,1,1742.56
143,119,65,2,321.16
144,120,45,1,123.98
145,121,74,1,258.16
146,122,95,1,716.52
147,122,20,2,334.44
148,123,113,2,220.36
149,124,14,1,1327.4
150,125,98,1,459.52
151,126,46,1,49.1
152,127,6,1,429.3
153,128,94,1,1172.15
154,128,84,1,479.67
155,129,90,1,89.06
156,129,53,1,634.91
157,130,120,1,253.08
158,130,81,1,1701.48
159,131,54,2,1709.48
160,132,27,1,813.66
161,132,99,1,729.2
162,133,23,1,509.5
163,134,117,1,417.55
164,135,45,3,122.67
165,136,29,3,2518.89
166,137,56,1,1654.35
167,137,95,1,742.54
168,138,51,1,319.39
169,139,97,3,357.67
170,139,101,1,1698.88
171,140,89,3,40.5
172,141,4,1,972.18
173,141,28,1,238.34
174,142,75,1,2434.29
175,143,59,2,604.48
176,144,91,1,121.66
177,145,111,1,390.11
178,146,95,1,754.65
179,147,114,1,513.67
180,148,51,2,327.12
181,149,21,1,242.73
182,150,39,2,484.31
183,150,45,2,126.78
184,151,17,1,142.51
185,152,48,1,1073.6
186,153,38,1,477.84
187,154,56,1,1659.17
188,155,55,1,1915.0
189,156,71,2,434.32
190,156,33,1,396.66
191,157,34,1,1340.21
192,157,89,1,39.9
193,158,62,1,770.27
194,159,45,1,127.77
195,160,79,1,455.81
196,161,21,1,250.96
197,162,50,1,1114.34
198,163,80,1,1166.19
199,163,93,1,1110.65
200,164,93,3,1200.44
201,165,55,1,2029.48
202,165,31,1,1934.66
203,166,7,1,682.92
204,167,38,1,506.22
205,168,6,1,466.02
206,168,24,2,190.26
207,169,48,1,1068.96
208,169,31,1,1995.21
209,170,77,2,1925.91
210,171,10,1,1469.8
211,171,108,1,823.88
212,172,96,2,1084.58
213,173,119,1,829.59
214,174,109,1,146.23
215,175,15,1,1143.14
216,176,5,2,342.54
217,177,1,1,1161.09
218,178,8,1,1971.3
219,178,60,1,1508.05
220,179,21,1,249.74
221,180,59,1,629.05
222,181,115,2,559.19
223,182,53,1,623.41
224,183,86,1,384.88
225,184,50,1,1049.43
226,185,64,1,560.33
227,186,74,1,275.34
228,187,85,3,534.95
229,188,96,1,1044.77
230,189,7,2,700.52
231,189,3,2,828.43
232,190,7,1,693.36
233,191,42,1,57.56
234,192,92,1,50.15
235,192,90,1,85.64
236,193,94,1,1243.04
237,194,20,1,338.83
238,195,16,1,814.38
239,196,50,1,1118.7
240,196,28,1,244.39
241,197,54,1,1771.06
242,198,24,2,202.04
243,199,79,1,415.28
244,200,39,1,490.8
245,201,2,1,1119.73
246,201,72,1,379.83
247,202,46,2,47.76
248,203,95,3,755.19
249,203,11,1,1711.3
250,204,69,1,537.53
251,204,26,1,332.02
252,205,111,1,391.9
253,206,44,1,94.12
254,207,9,1,1800.85
255,207,49,1,754.12
256,208,111,1,370.98
257,209,88,1,59.47
258,210,58,1,1278.26
259,211,103,1,1794.99
260,212,3,2,807.08
261,213,93,1,1194.07
262,214,114,1,504.58
263,215,79,1,448.5
264,216,95,1,752.71
265,217,27,3,776.86
266,218,60,1,1451.48
267,218,99,1,711.62
268,219,32,2,1635.72
269,220,117,1,411.77
270,221,1,1,1225.92
271,222,8,1,2045.1
272,223,101,1,1698.54
273,224,23,1,523.64
274,225,106,1,1351.41
275,226,117,2,427.03
276,227,41,1,637.52
277,228,22,2,447.62
278,229,105,1,576.55
279,230,4,1,958.63
280,231,83,1,657.69
281,231,32,1,1625.75
282,232,88,2,56.29
283,233,109,1,149.33
284,234,66,1,334.03
285,235,71,2,439.38
286,236,11,1,1683.71
287,237,17,1,142.92
288,237,7,1,708.11
289,238,64,1,550.67
290,239,20,1,316.29
291,239,99,1,710.14
292,240,2,1,1051.68
293,241,114,1,504.22
294,242,76,1,2573.91
295,243,102,2,1423.82
296,244,48,1,1079.03
297,245,10,1,1440.41
298,246,20,1,340.22
299,247,28,1,238.07
300,248,101,1,1779.55
301,249,74,1,251.97
302,250,71,2,440.8
303,251,72,2,369.25
304,252,66,1,359.61
305,253,115,1,517.16
306,254,43,2,40.4
307,255,85,1,508.62
308,256,58,2,1241.0
309,257,46,1,47.73
310,258,90,2,90.61
311,259,82,2,1246.03
312,259,104,1,1616.53
313,260,3,2,776.16
314,260,50,1,1121.06
315,261,99,2,707.88
316,262,47,1,1092.15
317,263,10,1,1463.23
318,264,11,1,1700.61
319,265,29,2,2527.29
320,266,17,1,143.65
321,267,105,1,578.46
322,267,83,1,616.22
323,268,11,3,1616.97
324,269,48,1,1052.02
325,269,19,1,365.85
326,270,111,3,377.38
327,270,23,1,481.0
328,271,20,1,324.19
329,272,85,1,540.74
330,272,55,2,1897.49
331,273,66,1,356.19
332,274,79,1,447.51
333,275,112,1,328.04
334,276,32,1,1640.31
335,276,60,1,1482.55
336,277,107,2,1234.22
337,278,60,2,1457.95
338,279,49,1,780.99
339,280,11,2,1687.02
340,281,9,2,1805.93
341,282,16,1,778.26
342,282,77,1,1964.51
343,283,101,1,1751.68
344,284,86,1,374.94
345,285,56,1,1601.98
346,286,75,1,2418.87
347,287,90,1,94.49
348,288,17,1,148.21
349,289,29,1,2425.85
350,290,107,1,1146.59
351,291,27,1,797.81
352,292,22,2,442.1
353,293,87,1,637.03
354,294,60,1,1412.57
355,295,2,1,1091.77
356,296,17,1,149.17
357,296,98,2,459.29
358,297,83,1,612.21
359,297,80,1,1220.82
360,298,27,1,824.05
361,299,95,1,734.27
362,299,119,1,840.25
363,300,97,1,373.24
364,301,12,1,1456.74
365,302,32,2,1647.31
366,303,83,2,664.41
367,303,78,1,1789.71
368,304,91,1,114.35
369,305,50,1,1035.48
370,306,81,1,1736.58
371,307,11,1,1677.41
372,308,107,1,1222.63
373,309,44,1,102.83
374,309,38,1,502.84
375,310,94,1,1255.86
376,311,118,1,328.76
377,312,45,1,125.67
378,313,95,1,737.33
379,314,20,2,345.2
380,315,119,3,840.7
381,316,93,1,1136.53
382,316,98,1,447.24
383,317,62,1,811.66
384,317,119,1,875.65
385,318,74,1,272.87
386,319,51,2,318.11
387,320,112,1,347.13
388,321,45,2,125.43
389,321,62,1,746.8
390,322,120,1,262.58
391,323,55,2,1877.84
392,323,38,1,497.4
393,324,75,1,2342.4
394,325,81,1,1804.04
395,326,96,1,1052.7
396,327,115,1,535.45
397,328,40,1,332.41
398,329,33,2,396.18
399,330,74,1,275.12
400,331,23,1,486.54
401,331,107,3,1178.57
402,332,99,1,766.57
403,333,93,1,1130.23
404,334,60,1,1446.13
405,335,81,1,1821.42
406,336,48,1,1027.01
407,337,88,2,60.03
408,337,65,2,314.09
409,338,100,2,2050.06
410,338,41,1,638.36
411,339,52,1,482.51
412,340,79,1,422.6
413,341,25,1,409.62
414,342,107,1,1145.94
415,342,79,1,451.41
416,343,73,2,847.63
417,344,89,1,40.87
418,345,56,1,1682.44
419,345,116,1,183.58
420,346,96,1,1046.7
421,347,7,1,713.46
422,348,17,1,154.87
423,349,28,1,244.84
424,350,17,1,148.82
425,351,102,3,1490.11
426,352,76,1,2700.96
427,352,43,1,39.15
428,353,104,1,1537.32
429,353,42,1,59.79
430,354,34,2,1338.86
431,354,109,1,141.96
432,355,31,1,2034.58
433,356,61,1,1054.19
434,356,8,1,1927.47
435,357,2,1,1148.12
436,358,115,1,524.07
437,359,99,1,736.59
438,359,23,1,480.92
439,360,49,2,800.11
440,361,50,2,1116.32
441,361,57,1,1706.12
442,362,88,2,56.76
443,362,73,2,801.93
444,363,107,1,1240.09
445,364,28,1,257.38
446,364,56,1,1605.57
447,365,98,1,452.48
448,366,106,1,1352.66
449,366,43,1,40.4
450,367,45,1,130.25
451,368,77,1,1806.4
452,369,2,1,1124.96
453,370,40,1,344.35
454,371,63,1,145.85
455,371,52,1,492.06
456,372,57,2,1598.22
457,373,2,1,1115.01
458,374,79,1,426.19
459,375,77,1,1835.5
460,376,41,3,677.8
461,377,47,1,1102.07
462,378,27,1,801.01
463,379,19,1,362.95
464,379,10,2,1569.72
465,380,97,1,351.21
466,381,17,1,156.03
467,381,62,2,771.22
468,382,14,1,1324.32
469,383,53,1,605.84
470,384,50,1,1028.63
471,384,103,1,1825.95
472,385,17,2,146.78
473,386,72,1,361.96
474,387,75,1,2284.86
475,388,44,1,95.93
476,388,75,1,2251.81
477,389,105,1,609.51
478,389,11,1,1606.65
479,390,97,1,359.91
480,390,45,1,125.6
481,391,78,1,1888.61
482,391,13,1,644.76
483,392,93,1,1145.07
484,393,68,2,439.66
485,394,9,1,1779.39
486,395,110,3,602.94
487,396,72,1,379.19
488,397,25,1,395.91
489,397,38,2,522.02
490,398,34,1,1352.27
491,399,100,3,2075.09
492,400,13,1,652.96
493,401,19,1,360.21
494,401,12,1,1444.59
495,402,37,2,671.06
496,403,97,2,356.86
497,404,16,1,821.42
498,405,60,2,1469.47
499,406,71,1,425.0
500,407,68,2,485.06
501,407,12,1,1336.01
502,408,91,1,119.15
503,409,15,1,1082.42
504,409,84,1,483.3
505,410,108,1,803.68
506,411,76,1,2545.98
507,412,54,1,1866.83
508,413,75,1,2294.32
509,414,45,1,133.75
510,415,114,2,465.97
511,416,66,1,362.16
512,417,50,1,1124.42
513,418,65,1,336.58
514,419,10,1,1456.94
515,420,109,2,141.64
516,420,81,1,1783.16
517,421,85,1,509.71
518,421,25,1,383.55
519,422,106,2,1476.32
520,423,79,1,429.4
521,423,64,1,562.26
522,424,35,1,1716.88
523,424,74,1,251.17
524,425,8,1,2027.96
525,426,25,2,409.24
526,427,52,1,496.57
527,427,26,1,349.52
528,428,28,1,255.33
529,428,118,1,325.79
530,429,17,2,154.2
531,430,103,1,1754.07
532,431,116,1,175.38
533,432,15,1,1136.64
534,432,63,1,147.22
535,433,52,1,493.1
536,434,57,1,1714.04
537,435,110,1,578.07
538,435,22,1,451.59
539,436,119,1,870.27
540,437,14,1,1326.07
541,438,88,1,58.96
542,438,3,1,770.18
543,439,82,1,1137.0
544,439,106,1,1431.23
545,440,110,3,594.81
546,441,3,1,826.93
547,442,90,1,89.96
548,443,116,1,173.65
549,444,101,1,1699.35
550,444,80,1,1222.29
551,445,77,1,1906.06
552,446,6,1,427.8
553,447,51,1,338.8
554,448,92,1,50.33
555,449,49,1,799.4
556,450,53,1,631.23
557,451,21,1,260.24
558,452,15,1,1101.04
559,453,88,1,56.6
560,453,18,1,608.11
561,454,24,1,193.08
562,455,39,1,519.33
563,455,89,1,43.1
564,456,32,2,1676.2
565,457,63,1,145.9
566,458,28,3,247.95
567,459,43,1,40.5
568,460,12,1,1379.11
569,461,58,2,1284.78
570,462,111,1,370.72
571,463,78,1,1962.1
572,463,47,1,1074.07
573,464,62,1,811.83
574,465,9,1,1852.15
575,466,116,1,177.97
576,467,50,1,1086.06
577,467,47,2,1083.82
578,468,101,1,1780.76
579,469,82,1,1243.88
580,470,38,2,507.68
581,471,119,1,879.23
582,471,36,2,1188.05
583,472,16,3,829.93
584,472,12,1,1347.31
585,473,43,1,39.13
586,474,23,1,519.51
587,475,9,1,1788.93
588,476,86,1,399.41
589,477,72,1,365.97
590,478,79,1,449.38
591,479,80,1,1188.86
592,480,56,1,1577.78
593,480,48,1,1090.23
594,481,72,1,358.27
595,482,58,2,1302.48
596,483,60,1,1430.82
597,483,71,3,462.73
598,484,102,1,1440.48
599,484,58,1,1233.45
600,485,97,2,357.18
601,486,25,1,392.74
602,487,78,1,1884.31
603,488,10,1,1573.58
604,489,10,1,1467.76
605,490,92,2,47.52
606,491,34,1,1348.6
607,492,48,1,1058.72
608,493,61,1,1025.03
609,494,81,1,1818.01
610,495,85,1,511.28
611,496,21,1,240.84
612,497,2,1,1134.04
613,498,35,1,1759.79
614,499,24,1,208.01
615,500,10,2,1461.84
616,501,45,1,122.92
617,502,44,3,94.16
618,502,65,1,321.29
619,503,31,1,2056.85
620,504,104,1,1513.21
621,505,107,1,1179.36
622,506,26,1,359.55
623,507,34,2,1306.1
624,507,82,1,1196.82
625,508,117,1,401.1
626,509,35,1,1719.6
627,510,82,2,1225.26
628,510,52,1,475.16
629,511,94,1,1193.86
630,512,41,1,674.86
631,513,92,1,49.36
632,514,115,1,520.2
633,515,49,1,795.94
634,516,9,1,1792.16
635,516,68,1,466.46
636,517,100,1,2039.23
637,518,113,1,217.42
638,519,67,1,260.43
639,520,87,1,647.09
640,521,20,1,328.3
641,522,4,1,1013.29
642,523,74,2,266.7
643,524,100,1,2015.94
644,525,47,1,1088.1
645,526,22,1,460.63
646,527,88,1,59.12
647,527,78,1,1834.84
648,528,46,1,50.78
649,529,25,2,385.33
650,530,92,1,49.06
651,531,64,1,568.37
652,532,56,1,1581.83
653,533,83,1,605.59
654,534,96,1,1074.63
655,534,43,1,38.1
656,535,111,1,401.96
657,536,15,1,1113.33
658,536,5,2,342.67
659,537,92,1,47.04
660,538,63,3,154.87
661,538,66,1,347.42
662,539,48,1,1095.01
663,540,7,2,727.23
664,541,96,1,1038.59
665,542,86,2,380.03
666,543,48,3,1007.86
667,544,79,1,453.41
668,545,102,1,1551.86
669,546,7,2,694.32
670,547,61,1,987.92
671,548,82,1,1144.66
672,548,20,3,338.15
673,549,56,2,1678.14
674,550,27,1,830.28
675,551,87,1,660.82
676,552,2,3,1072.08
677,552,105,1,592.95
678,553,78,1,1810.77
679,554,66,1,361.71
680,555,66,1,359.03
681,556,104,1,1498.36
682,556,5,2,339.5
683,557,115,3,551.3
684,558,3,1,769.13
685,559,53,2,664.63
686,560,55,1,1919.23
687,560,37,2,697.2
688,561,103,1,1833.97
689,561,53,1,622.96
690,562,111,2,383.33
691,563,107,1,1172.09
692,564,100,1,2012.3
693,565,119,2,878.34
694,566,45,2,125.9
695,567,36,1,1247.77
696,567,16,1,802.57
697,568,13,1,647.82
698,569,97,1,370.99
699,570,88,1,58.91
700,570,105,1,583.09
701,571,86,1,372.73
702,572,23,1,491.26
703,572,59,2,602.7
704,573,114,1,478.76
705,574,42,1,56.18
706,575,84,1,484.86
707,576,73,1,796.62
708,577,43,1,38.81
709,578,98,1,453.41
710,578,89,1,42.37
711,579,81,1,1793.2
712,580,26,1,333.38
713,580,54,2,1887.76
714,581,86,1,380.44
715,582,101,1,1723.35
716,582,34,1,1289.39
717,583,63,2,156.04
718,583,4,1,981.31
719,584,86,1,391.97
720,585,115,1,539.75
721,586,50,2,1082.1
722,586,27,3,797.64
723,587,113,2,223.02
724,588,108,1,844.78
725,589,17,1,153.58
726,589,14,1,1336.36
727,590,53,1,619.53
728,591,90,1,92.35
729,592,113,1,228.37
730,592,33,3,387.54
731,593,113,2,219.21
732,594,98,2,461.66
733,594,99,1,715.03
734,595,106,1,1378.99
735,595,77,1,1864.67
736,596,8,2,1960.56
737,597,109,1,147.83
738,597,49,1,810.87
739,598,118,1,322.55
740,599,87,1,622.81
741,599,4,2,1031.01
742,600,40,2,357.63
743,600,102,1,1522.74
744,601,120,1,239.21
745,602,70,1,195.82
746,603,95,1,737.13
747,604,60,1,1398.96
748,605,111,1,368.72
749,606,41,1,669.91
750,607,84,1,510.33
751,608,24,1,202.23
752,609,4,2,967.35
753,610,45,2,124.65
754,611,66,1,361.64
755,612,79,2,442.95
756,613,120,1,243.46
757,613,72,1,364.27
758,614,78,1,1919.39
759,615,40,1,344.79
760,616,52,1,465.5
761,617,113,1,222.31
762,617,20,1,317.24
763,618,23,1,482.34
764,619,79,2,454.53
765,620,5,1,332.46
766,621,101,3,1786.97
767,621,108,1,799.19
768,622,85,1,505.82
769,623,14,1,1259.0
770,624,14,1,1330.09
771,625,73,1,824.94
772,626,63,2,156.66
773,627,88,1,57.52
774,628,63,1,152.74
775,629,61,1,1042.54
776,630,47,2,1128.29
777,630,19,1,352.37
778,631,69,3,499.21
779,631,72,1,372.06
780,632,77,2,1809.46
781,633,120,2,250.33
782,634,15,3,1100.41
783,635,96,1,1134.57
784,636,10,2,1526.24
785,636,61,1,1058.82
786,637,79,2,454.25
787,638,98,1,487.54
788,639,16,1,822.97
789,639,117,1,403.56
790,640,97,1,378.83
791,640,98,2,480.7
792,641,96,1,1089.89
793,642,89,1,42.96
794,643,105,1,571.91
795,644,49,1,774.63
796,645,74,1,263.71
797,646,73,1,850.57
798,647,22,1,432.07
799,648,21,1,258.1
800,649,115,1,546.27
801,650,45,1,134.25
802,650,69,3,525.53
803,651,2,1,1070.52
804,651,110,1,615.48
805,652,26,1,343.96
806,653,120,1,254.66
807,654,56,1,1591.64
808,655,27,1,814.33
809,655,95,1,779.75
810,656,75,1,2380.62
811,657,49,1,755.38
812,658,90,1,88.71
813,659,72,1,381.02
814,660,50,1,1057.33
815,661,91,1,122.89
816,662,50,1,1028.16
817,663,2,1,1140.8
818,664,80,1,1183.9
819,665,115,2,548.53
820,665,6,1,432.39
821,666,75,1,2391.21
822,666,117,1,406.02
823,667,11,2,1616.97
824,668,112,2,332.99
825,668,119,1,880.81
826,669,7,1,667.6
827,670,42,1,58.54
828,670,82,3,1151.82
829,671,70,2,205.5
830,672,53,1,628.14
831,673,42,1,61.69
832,674,41,1,643.77
833,675,12,1,1458.72
834,676,19,1,351.08
835,676,42,1,60.05
836,677,105,1,584.02
837,677,18,1,591.94
838,678,102,1,1472.36
839,679,110,1,632.07
840,680,6,1,436.25
841,681,21,1,259.29
842,681,40,2,350.48
843,682,53,1,641.9
844,683,112,1,320.83
845,684,55,1,2003.74
846,684,6,1,438.4
847,685,108,1,817.42
848,686,81,2,1789.68
849,686,48,1,1106.55
850,687,10,1,1432.09
851,688,16,1,794.86
852,689,89,1,41.4
853,690,109,1,140.23
854,691,36,1,1185.73
855,692,41,1,628.11
856,693,23,1,502.0
857,694,41,1,659.94
858,695,32,1,1713.5
859,696,88,1,57.66
860,697,61,1,1031.07
861,698,82,1,1210.44
862,698,24,2,189.95
863,699,64,3,532.02
864,699,112,1,324.27
865,700,35,1,1775.57
866,701,69,1,532.02
867,702,37,2,705.07
868,703,36,1,1145.17
869,703,65,1,323.37
870,704,111,1,381.87
871,705,3,1,764.31
872,705,6,1,452.7
873,706,58,1,1207.13
874,706,94,1,1182.75
875,707,92,1,46.78
876,708,59,1,587.34
877,709,110,1,596.6
878,710,23,1,482.35
879,711,49,1,809.13
880,711,41,1,672.99
881,712,48,1,1096.83
882,713,97,1,353.19
883,713,115,1,524.33
884,714,78,1,1902.99
885,715,28,1,241.07
886,716,92,2,47.75
887,717,94,1,1222.45
888,718,34,1,1343.03
889,719,107,1,1232.74
890,720,9,1,1793.17
891,721,37,2,733.86
892,722,96,1,1067.32
893,723,73,2,832.02
894,724,112,2,337.15
895,725,52,1,486.94
896,726,84,1,495.49
897,727,104,1,1603.71
898,727,95,1,778.12
899,728,81,1,1681.5
900,728,92,2,48.71
901,729,81,2,1693.01
902,730,72,1,377.97
903,731,82,1,1129.83
904,732,34,1,1335.03
905,733,108,1,858.77
906,733,84,1,489.6
907,734,46,2,48.95
908,735,32,1,1704.17
909,736,74,1,255.54
910,736,29,1,2586.65
911,737,116,1,173.0
912,738,46,1,48.26
913,739,67,1,264.38
914,740,24,1,207.14
915,741,104,2,1514.68
916,742,44,1,100.82
917,743,11,1,1663.97
918,744,104,1,1505.4
919,745,89,1,41.44
920,746,43,1,38.31
921,747,79,2,429.24
922,748,49,1,793.01
923,748,21,1,249.46
924,749,18,1,599.39
925,750,3,1,781.15
926,750,102,1,1441.5
927,751,119,1,838.92
928,752,101,1,1640.76
929,752,95,1,732.9
930,753,82,1,1169.65
931,754,68,3,463.19
932,755,91,1,121.41
933,756,99,1,731.46
934,757,38,1,521.65
935,758,48,1,1077.62
936,759,94,1,1234.99
937,760,101,1,1648.66
938,761,77,1,1829.05
939,761,108,2,789.16
940,762,24,1,203.14
941,763,57,1,1686.9
942,764,109,1,143.21
943,764,75,1,2271.87
944,765,66,1,343.39
945,766,105,1,584.82
946,766,28,2,257.53
947,767,31,1,1931.87
948,768,113,1,219.41
949,768,6,1,465.07
950,769,62,1,776.39
951,770,95,1,765.89
952,771,4,1,991.57
953,771,53,1,607.23
954,772,47,1,1083.2
955,772,28,1,255.4
956,773,32,1,1643.47
957,773,14,1,1239.19
958,774,55,1,1981.24
959,775,10,1,1539.4
960,775,46,1,50.49
961,776,103,1,1783.31
962,777,94,1,1199.28
963,778,77,1,1819.31
964,779,117,1,400.84
965,780,111,1,388.36
966,780,3,1,762.4
967,781,110,1,610.62
968,782,87,2,641.41
969,783,114,1,499.47
970,783,27,2,790.17
971,784,86,1,372.15
972,785,109,3,141.75
973,785,67,1,247.02
974,786,38,1,520.53
975,787,104,1,1503.27
976,788,61,1,998.74
977,789,19,2,354.73
978,789,13,1,663.74
979,790,13,3,654.25
980,791,87,1,610.15
981,791,22,1,429.62
982,792,46,1,46.99
983,793,13,1,621.06
984,794,87,1,646.33
985,795,103,1,1852.62
986,796,36,3,1150.24
987,796,120,2,247.91
988,797,19,1,336.09
989,798,47,1,1104.16
990,799,103,2,1757.14
991,800,54,1,1817.82
992,800,7,1,689.26
993,801,80,1,1185.84
994,802,92,1,46.85
995,803,90,1,93.93
996,803,13,1,674.89
997,804,59,1,633.54
998,804,53,1,667.0
999,805,73,3,817.98
1000,806,98,2,482.32
1001,807,118,1,306.34
1002,808,42,1,58.64
1003,809,42,1,56.31
1004,810,93,1,1202.13
1005,810,48,3,1022.71
1006,811,101,1,1735.42
1007,812,84,1,511.81
1008,812,63,1,156.22
1009,813,44,1,98.3
1010,814,116,1,177.51
1011,815,106,1,1391.27
1012,816,82,1,1148.46
1013,817,118,1,324.84
1014,817,58,1,1294.27
1015,818,54,1,1732.99
1016,819,74,1,276.65
1017,820,109,1,142.37
1018,820,89,1,39.89
1019,821,84,1,495.82
1020,821,23,1,491.32
1021,822,111,1,395.69
1022,822,94,1,1258.2
1023,823,26,1,351.11
1024,824,97,1,358.06
1025,825,63,1,160.38
1026,826,5,1,345.9
1027,827,67,1,253.47
1028,828,84,1,495.26
1029,829,13,1,617.09
1030,830,110,1,588.91
1031,831,18,1,599.08
1032,832,107,1,1179.3
1033,832,7,1,721.11
1034,833,89,2,40.14
1035,833,69,1,504.29
1036,834,82,1,1173.33
1037,835,26,1,340.52
1038,836,62,1,742.8
1039,837,64,1,537.01
1040,837,70,1,191.76
1041,838,108,3,843.09
1042,838,32,1,1754.24
1043,839,59,1,587.76
1044,840,45,1,127.1
1045,841,99,1,760.93
1046,841,81,1,1682.37
1047,842,106,1,1419.4
1048,843,36,1,1254.37
1049,843,111,1,395.93
1050,844,106,1,1472.0
1051,845,53,2,650.52
1052,846,53,2,646.13
1053,847,9,1,1733.58
1054,847,87,1,608.92
1055,848,104,1,1529.32
1056,848,52,2,484.74
1057,849,82,2,1223.56
1058,850,50,1,1065.92
1059,850,68,2,454.39
1060,851,46,1,48.83
1061,852,80,1,1219.24
1062,853,48,1,1082.84
1063,854,43,1,38.86
1064,855,90,1,87.6
1065,856,97,1,376.98
1066,857,45,2,123.75
1067,858,30,1,2538.32
1068,859,51,1,342.98
1069,859,47,2,1126.59
1070,860,41,1,628.22
1071,861,44,1,102.79
1072,862,5,1,340.21
1073,862,40,3,358.33
1074,863,14,1,1330.41
1075,864,29,1,2460.24
1076,865,113,1,229.01
1077,866,31,2,2015.71
1078,867,46,1,49.41
1079,868,85,1,537.43
1080,868,55,2,2032.6
1081,869,46,1,49.64
1082,869,111,1,380.21
1083,870,27,1,761.38
1084,871,66,1,342.82
1085,872,53,1,641.81
1086,873,74,1,257.64
1087,874,74,1,259.99
1088,875,108,3,802.33
1089,876,114,1,478.67
1090,877,47,1,1151.43
1091,878,112,1,330.03
1092,878,11,1,1587.71
1093,879,75,1,2237.54
1094,880,89,3,41.39
1095,880,33,1,403.31
1096,881,48,1,1077.15
1097,882,69,1,521.94
1098,883,30,1,2485.09
1099,884,117,1,402.08
1100,885,78,2,1843.47
1101,886,109,1,151.16
1102,887,19,1,365.44
1103,888,82,1,1182.02
1104,889,66,1,342.91
1105,889,50,1,1087.99
1106,890,9,1,1886.39
1107,890,33,3,400.66
1108,891,44,1,94.14
1109,892,83,1,620.96
1110,892,61,2,1061.86
1111,893,20,2,343.48
1112,894,65,2,310.12
1113,895,38,1,485.24
1114,896,108,2,805.06
1115,897,109,1,145.76
1116,898,93,1,1196.16
1117,898,9,1,1816.38
1118,899,21,1,245.53
1119,899,67,1,255.42
1120,900,109,1,150.05
1121,900,75,1,2362.73
1122,901,15,1,1099.61
1123,902,90,2,88.42
1124,902,55,1,1902.69
1125,903,110,1,593.09
1126,904,90,1,93.37
1127,905,13,1,675.38
1128,906,115,1,515.14
1129,907,117,1,399.27
1130,908,78,3,1861.5
1131,909,42,3,58.86
1132,910,101,1,1631.43
1133,911,56,1,1691.22
1134,912,95,1,771.86
1135,912,103,1,1824.44
1136,913,115,1,547.02
1137,913,11,1,1586.27
1138,914,70,1,202.77
1139,915,3,3,781.81
1140,916,89,1,41.35
1141,917,79,1,446.37
1142,918,59,1,605.63
1143,918,39,1,516.99
1144,919,28,2,254.93
1145,920,89,1,40.9
1146,921,116,1,174.14
1147,922,2,1,1067.38
1148,922,94,1,1207.04
1149,923,112,2,319.2
1150,923,50,1,1097.33
1151,924,113,1,226.41
1152,925,45,2,134.35
1153,926,48,1,1019.63
1154,926,79,1,438.53
1155,927,7,2,687.67
1156,928,99,1,731.12
1157,928,89,1,39.67
1158,929,65,1,319.57
1159,929,8,3,1973.21
1160,930,117,1,424.15
1161,930,85,1,541.92
1162,931,68,1,456.63
1163,932,4,1,968.47
1164,932,38,1,483.08
1165,933,73,1,805.19
1166,933,51,1,336.56
1167,934,107,1,1177.19
1168,935,118,1,329.35
1169,936,19,1,358.06
1170,937,109,1,139.02
1171,938,12,1,1466.28
1172,939,80,1,1212.2
1173,940,117,2,397.56
1174,941,100,1,2000.85
1175,942,13,1,652.53
1176,943,99,1,776.73
1177,944,55,1,1858.97
1178,944,29,1,2383.51
1179,945,70,1,192.05
1180,946,95,1,773.71
1181,947,95,2,764.65
1182,948,91,2,115.5
1183,949,93,2,1180.83
1184,950,84,2,487.48
1185,951,70,1,195.34
1186,952,91,3,121.67
1187,953,86,1,370.41
1188,954,101,1,1742.38
1189,954,25,2,403.3
1190,955,80,1,1187.86
1191,956,106,1,1436.02
1192,957,25,1,409.53
1193,957,42,2,58.46
1194,958,119,1,867.66
1195,958,59,1,616.39
1196,959,24,1,193.69
1197,960,23,1,506.21
1198,961,7,1,679.34
1199,962,103,1,1763.67
1200,963,74,1,264.07
1201,963,118,1,321.33
1202,964,117,1,387.69
1203,965,83,1,615.85
1204,965,40,1,353.01
1205,966,95,1,731.72
1206,967,2,1,1079.6
1207,967,69,1,514.92
1208,968,89,1,39.69
1209,969,62,1,769.61
1210,970,14,1,1359.62
1211,971,97,1,378.2
1212,972,73,1,839.97
1213,973,76,1,2633.77
1214,974,5,1,352.51
1215,975,96,1,1134.04
1216,975,80,2,1189.13
1217,976,68,1,446.23
1218,976,104,1,1490.39
1219,977,112,1,330.94
1220,978,107,1,1142.68
1221,979,10,1,1450.25
1222,980,74,1,271.27
1223,981,79,1,426.44
1224,982,13,1,625.83
1225,983,86,1,366.1
1226,984,29,1,2559.2
1227,985,72,1,373.73
1228,986,22,1,455.22
1229,986,57,1,1749.6
1230,987,81,1,1821.23
1231,988,41,1,633.83
1232,988,86,1,392.24
1233,989,33,2,408.38
1234,990,56,1,1703.53
1235,990,39,2,494.62
1236,991,39,1,515.51
1237,991,107,1,1244.16
1238,992,90,1,94.3
1239,993,104,2,1592.12
1240,994,90,1,92.17
1241,995,93,1,1179.9
1242,996,60,1,1424.48
1243,997,89,1,41.8
1244,998,76,1,2751.67
1245,998,61,1,1078.78
1246,999,70,1,200.42
1247,1000,86,3,379.99
1248,1001,60,1,1420.08
1249,1002,62,2,754.61
1250,1003,27,1,835.08
1251,1003,94,2,1244.94
1252,1004,109,1,143.25
1253,1005,20,1,315.29
1254,1006,114,1,512.7
1255,1006,55,1,1985.8
1256,1007,63,1,158.67
1257,1008,46,1,46.91
1258,1008,5,1,357.98
1259,1009,37,1,711.02
1260,1010,86,1,390.12
1261,1011,10,1,1450.1
1262,1012,48,1,1029.64
1263,1013,59,1,577.22
1264,1013,36,1,1207.65
1265,1014,112,1,323.44
1266,1015,9,1,1822.01
1267,1015,71,1,432.97
1268,1016,88,2,60.85
1269,1016,2,1,1120.17
1270,1017,3,1,832.48
1271,1018,99,2,765.07
1272,1018,42,1,57.25
1273,1019,74,1,273.61
1274,1020,9,2,1726.84
1275,1021,38,1,482.81
1276,1022,19,1,359.75
1277,1022,43,1,38.51
1278,1023,72,1,373.99
1279,1024,100,1,2039.15
1280,1025,1,1,1145.54
1281,1025,110,1,631.05
1282,1026,85,1,528.73
1283,1027,64,1,559.04
1284,1028,118,1,315.92
1285,1029,107,1,1133.98
1286,1029,115,1,541.6
1287,1030,84,1,520.6
1288,1031,90,2,85.78
1289,1032,18,1,605.94
1290,1032,66,1,355.04
1291,1033,87,1,617.9
1292,1034,105,1,603.29
1293,1035,69,1,519.83
1294,1036,108,1,796.54
1295,1037,90,1,85.87
1296,1038,69,1,527.64
1297,1039,42,3,60.37
1298,1040,43,1,38.58
1299,1040,116,1,173.01
1300,1041,93,1,1197.86
1301,1042,19,1,362.14
1302,1043,30,1,2509.29
1303,1044,95,1,775.45
1304,1044,73,1,793.14
1305,1045,59,2,585.49
1306,1045,107,1,1178.5
1307,1046,51,2,341.95
1308,1047,77,3,1810.87
1309,1047,30,1,2465.0
1310,1048,76,1,2561.31
1311,1049,56,1,1576.98
1312,1050,55,1,1992.17
1313,1051,14,1,1358.74
1314,1052,109,1,146.25
1315,1053,43,1,40.55
1316,1054,108,1,809.51
1317,1055,1,1,1183.27
1318,1055,68,1,483.32
1319,1056,27,1,786.74
1320,1057,90,1,92.55
1321,1058,9,1,1847.36
1322,1059,47,1,1140.6
1323,1060,22,1,445.16
1324,1061,88,1,57.32
1325,1062,37,1,721.75
1326,1063,27,1,811.62
1327,1064,46,2,49.17
1328,1064,23,1,491.57
1329,1065,41,1,650.64
1330,1066,57,1,1645.99
1331,1067,32,1,1674.75
1332,1067,66,1,331.35
1333,1068,82,3,1201.15
1334,1068,33,1,381.29
1335,1069,78,1,1851.17
1336,1070,111,2,386.55
1337,1070,70,1,205.09
1338,1071,69,1,532.67
1339,1072,64,1,562.04
1340,1073,87,1,629.78
1341,1074,32,1,1637.32
1342,1075,26,1,359.12
1343,1075,73,1,849.54
1344,1076,110,1,588.35
1345,1077,56,1,1577.05
1346,1078,25,1,397.79
1347,1079,11,3,1588.0
1348,1079,38,1,497.96
1349,1080,77,2,1913.41
1350,1081,102,1,1469.93
1351,1082,57,1,1623.79
1352,1083,34,1,1301.98
1353,1083,117,1,396.52
1354,1084,56,1,1576.51
1355,1085,94,1,1212.68
1356,1086,97,1,375.13
1357,1086,44,1,96.11
1358,1087,9,1,1815.85
1359,1087,29,1,2582.16
1360,1088,80,1,1179.72
1361,1089,110,1,611.96
1362,1089,80,1,1202.06
1363,1090,83,1,644.17
1364,1091,31,1,1954.35
1365,1092,105,1,576.61
1366,1093,19,1,353.74
1367,1094,39,1,479.5
1368,1095,71,3,466.13
1369,1096,42,1,56.26
1370,1097,91,3,122.3
1371,1098,20,1,325.03
1372,1099,95,1,770.95
1373,1100,68,1,477.85
1374,1101,93,1,1173.57
1375,1102,107,1,1210.1
1376,1103,39,1,476.1
1377,1103,103,2,1842.81
1378,1104,71,2,427.35
1379,1105,11,1,1652.77
1380,1105,27,1,769.09
1381,1106,67,1,270.38
1382,1106,37,1,723.54
1383,1107,25,1,399.14
1384,1108,40,1,332.27
1385,1108,8,1,2032.3
1386,1109,102,1,1544.94
1387,1109,42,1,59.71
1388,1110,61,1,989.78
1389,1111,81,1,1747.64
1390,1112,119,1,850.73
1391,1112,120,1,240.78
1392,1113,90,3,90.5
1393,1114,109,1,143.47
1394,1115,8,1,1996.48
1395,1116,57,1,1716.91
1396,1117,103,1,1755.28
1397,1118,63,1,159.29
1398,1118,119,2,852.68
1399,1119,65,1,339.65
1400,1119,108,1,791.65
1401,1120,24,2,192.07
1402,1121,1,1,1149.6
1403,1122,81,1,1769.41
1404,1123,16,1,825.03
1405,1124,62,1,749.46
1406,1125,35,2,1712.09
1407,1126,112,3,351.19
1408,1126,102,2,1554.96
1409,1127,11,1,1593.46
1410,1127,16,1,823.2
1411,1128,24,1,204.57
1412,1129,20,1,317.44
1413,1129,111,1,394.52
1414,1130,10,1,1435.64
1415,1131,114,1,472.64
1416,1131,90,1,90.76
1417,1132,105,1,625.85
1418,1133,97,1,357.17
1419,1134,68,1,481.95
1420,1134,19,1,338.22
1421,1135,102,1,1416.34
1422,1136,16,1,829.6
1423,1137,31,1,2083.98
1424,1138,75,1,2375.78
1425,1139,96,1,1102.52
1426,1140,90,1,93.91
1427,1141,74,2,253.13
1428,1141,52,1,465.95
1429,1142,23,1,480.65
1430,1143,43,3,38.77
1431,1144,70,1,196.75
1432,1144,72,1,384.13
1433,1145,102,1,1480.32
1434,1146,62,1,798.63
1435,1147,35,3,1800.92
1436,1148,8,1,2020.76
1437,1149,9,1,1795.54
1438,1150,11,1,1715.56
1439,1151,69,1,542.67
1440,1151,9,1,1838.34
1441,1152,94,1,1183.02
1442,1153,9,1,1734.68
1443,1154,72,1,372.79
1444,1155,52,1,486.05
1445,1156,18,2,610.19
1446,1157,113,1,223.77
1447,1158,1,1,1148.86
1448,1159,17,1,153.06
1449,1160,69,1,501.69
1450,1161,87,1,657.54
1451,1162,83,1,611.62
1452,1163,8,1,1930.42
1453,1164,68,1,477.63
1454,1165,43,1,38.08
1455,1166,76,1,2544.37
1456,1166,49,2,775.8
1457,1167,113,3,217.72
1458,1168,27,2,761.7
1459,1169,43,1,39.09
1460,1170,117,1,409.64
1461,1171,68,1,439.57
1462,1171,114,1,501.77
1463,1172,101,2,1757.29
1464,1173,17,1,145.22
1465,1173,101,2,1674.6
1466,1174,114,1,500.66
1467,1175,119,1,901.18
1468,1175,19,1,344.15
1469,1176,120,1,246.43
1470,1177,69,1,544.6
1471,1178,55,1,1853.69
1472,1179,47,1,1063.07
1473,1180,33,1,393.57
1474,1180,114,1,506.64
1475,1181,91,2,114.62
1476,1182,100,1,2084.24
1477,1183,89,1,41.93
1478,1184,10,3,1445.61
1479,1184,58,1,1312.36
1480,1185,101,1,1700.4
1481,1186,106,1,1401.09
1482,1187,69,2,516.63
1483,1188,95,1,767.58
1484,1188,17,1,150.06
1485,1189,98,1,461.34
1486,1190,91,1,123.11
1487,1191,103,1,1830.3
1488,1192,106,1,1418.06
1489,1193,19,1,332.6
1490,1194,77,1,1847.39
1491,1195,23,1,511.17
1492,1196,21,1,237.22
1493,1197,72,1,365.38
1494,1198,76,1,2559.66
1495,1199,52,1,484.48
1496,1200,101,2,1661.29
1497,1200,115,1,558.16
1498,1201,63,1,152.08
1499,1201,5,1,342.38
1500,1202,70,1,188.78
1501,1203,38,1,478.21
1502,1204,27,1,761.16
1503,1205,118,1,311.9
1504,1206,41,1,665.91
1505,1207,72,1,350.03
1506,1208,74,1,265.32
1507,1209,85,1,543.65
1508,1209,69,1,548.0
1509,1210,22,1,452.8
1510,1211,62,1,811.44
1511,1212,44,1,95.5
1512,1212,76,1,2587.71
1513,1213,70,3,196.36
1514,1214,108,1,809.51
1515,1215,33,1,398.4
1516,1216,86,1,369.38
1517,1217,48,1,1072.31
1518,1218,29,1,2474.42
1519,1219,119,2,840.17
1520,1219,66,2,333.85
1521,1220,80,1,1183.5
1522,1221,23,2,492.82
1523,1222,88,1,59.95
1524,1222,65,1,310.44
1525,1223,68,2,455.2
1526,1223,26,1,364.82
1527,1224,23,1,516.24
1528,1225,28,1,257.37
1529,1225,99,1,732.27
1530,1226,39,1,493.57
1531,1227,9,1,1816.31
1532,1228,98,1,471.16
1533,1229,83,1,624.62
1534,1230,77,1,1810.27
1535,1231,100,1,1969.6
1536,1232,98,2,455.02
1537,1232,52,1,464.94
1538,1233,13,1,665.65
1539,1233,120,1,252.51
1540,1234,98,1,466.06
1541,1235,29,1,2495.0
1542,1236,92,1,49.73
1543,1237,116,1,169.04
1544,1238,23,2,522.18
1545,1239,44,1,99.64
1546,1240,102,1,1510.45
1547,1241,76,1,2575.11
1548,1242,108,1,799.49
1549,1243,114,1,485.3
1550,1243,34,1,1299.3
1551,1244,109,1,147.42
1552,1245,57,1,1721.57
1553,1246,76,1,2627.87
1554,1247,54,1,1829.71
1555,1247,23,1,489.14
1556,1248,79,1,454.92
1557,1249,63,2,155.47
1558,1250,41,1,678.08
1559,1251,3,1,793.07
1560,1252,95,2,788.29
1561,1253,107,1,1230.48
1562,1253,51,1,316.34
1563,1254,43,1,38.99
1564,1255,109,1,139.21
1565,1255,53,2,664.06
1566,1256,106,1,1364.44
1567,1256,4,1,1039.09
1568,1257,20,1,318.36
1569,1257,34,2,1290.41
1570,1258,103,3,1886.23
1571,1258,16,1,759.25
1572,1259,104,2,1540.58
1573,1260,66,2,355.97
1574,1260,13,1,623.27
1575,1261,69,1,505.7
1576,1261,59,1,608.5
1577,1262,1,1,1190.09
1578,1263,98,1,478.47
1579,1264,81,2,1761.6
1580,1265,103,2,1877.55
1581,1265,43,1,38.17
1582,1266,82,1,1217.47
1583,1266,64,2,570.43
1584,1267,49,1,755.46
1585,1268,106,2,1393.51
1586,1269,32,3,1697.16
1587,1269,15,1,1098.36
1588,1270,53,1,614.27
1589,1271,107,1,1194.43
1590,1271,103,1,1819.29
1591,1272,50,1,1040.25
1592,1272,103,1,1793.76
1593,1273,22,1,455.93
1594,1274,37,1,723.12
1595,1275,103,1,1748.09
1596,1276,46,1,50.86
1597,1277,24,1,206.66
1598,1278,57,1,1729.04
1599,1278,105,1,585.17
1600,1279,21,1,245.35
1601,1279,16,1,803.64
1602,1280,39,1,479.49
1603,1281,113,1,209.39
1604,1282,59,1,629.9
1605,1283,118,1,328.27
1606,1283,100,1,2065.61
1607,1284,72,2,366.53
1608,1285,6,1,432.89
1609,1286,88,1,58.06
1610,1286,43,1,38.05
1611,1287,93,1,1190.67
1612,1288,52,1,482.07
1613,1289,51,1,325.75
1614,1290,100,1,2009.86
1615,1291,81,1,1689.4
1616,1291,58,1,1289.3
1617,1292,14,3,1240.37
1618,1292,39,1,522.75
1619,1293,24,1,207.48
1620,1294,79,1,420.28
1621,1295,12,1,1464.67
1622,1296,75,2,2218.99
1623,1296,61,1,982.25
1624,1297,15,1,1120.55
1625,1298,14,1,1328.84
1626,1299,94,3,1220.12
1627,1300,46,2,51.32
1628,1301,81,1,1675.49
1629,1301,19,1,333.38
1630,1302,88,2,60.41
1631,1302,63,1,151.91
1632,1303,104,1,1619.09
1633,1303,28,1,239.85
1634,1304,13,2,630.44
1635,1305,65,1,335.01
1636,1305,107,1,1220.22
1637,1306,58,1,1224.81
1638,1307,97,1,345.7
1639,1307,9,1,1723.48
1640,1308,28,1,241.79
1641,1309,30,3,2377.23
1642,1310,64,1,537.41
1643,1311,120,2,245.09
1644,1312,104,1,1588.82
1645,1313,64,2,539.75
1646,1314,81,1,1658.12
1647,1315,32,1,1737.47
1648,1316,81,2,1706.55
1649,1317,101,1,1683.85
1650,1318,63,2,147.87
1651,1318,50,1,1092.27
1652,1319,51,1,330.33
1653,1320,2,2,1057.06
1654,1321,49,1,778.13
1655,1321,102,1,1547.7
1656,1322,36,1,1141.48
1657,1323,94,2,1184.04
1658,1323,58,1,1278.68
1659,1324,35,2,1767.41
1660,1325,56,1,1642.47
1661,1326,32,1,1615.19
1662,1326,67,1,263.38
1663,1327,94,1,1243.58
1664,1328,14,1,1268.43
1665,1328,40,1,361.61
1666,1329,92,1,46.99
1667,1330,66,1,347.89
1668,1331,88,1,58.86
1669,1331,29,1,2430.4
1670,1332,34,1,1302.11
1671,1333,85,1,510.34
1672,1334,61,1,1023.98
1673,1334,80,1,1176.49
1674,1335,67,1,260.54
1675,1336,91,1,118.59
1676,1337,108,2,842.82
1677,1338,15,1,1145.52
1678,1339,42,1,59.32
1679,1340,62,1,803.12
1680,1341,55,1,2010.17
1681,1341,105,2,617.83
1682,1342,17,1,147.46
1683,1342,98,1,462.96
1684,1343,3,1,791.23
1685,1344,44,1,101.66
1686,1344,69,2,515.48
1687,1345,113,2,212.94
1688,1346,9,2,1769.76
1689,1347,39,1,476.55
1690,1348,33,1,387.18
1691,1348,49,1,788.48
1692,1349,28,2,236.81
1693,1349,29,1,2428.14
1694,1350,14,1,1306.31
1695,1351,77,2,1877.29
1696,1351,85,1,512.28
1697,1352,22,2,451.08
1698,1353,42,1,59.22
1699,1354,89,1,40.58
1700,1355,85,1,541.48
1701,1356,12,1,1331.3
1702,1357,67,1,270.59
1703,1358,26,1,341.59
1704,1359,75,2,2429.7
1705,1360,87,1,599.29
1706,1361,72,1,369.31
1707,1362,108,1,847.29
1708,1363,16,1,767.51
1709,1364,38,1,513.9
1710,1365,89,1,39.92
1711,1366,85,2,542.55
1712,1366,38,1,484.41
1713,1367,56,1,1590.23
1714,1368,42,2,59.67
1715,1368,99,2,713.14
1716,1369,15,1,1131.58
1717,1369,113,3,222.53
1718,1370,76,1,2729.87
1719,1370,22,1,458.77
1720,1371,65,1,319.29
1721,1371,42,2,61.39
1722,1372,73,1,791.29
1723,1372,54,1,1832.26
1724,1373,118,3,311.3
1725,1374,113,1,222.72
1726,1374,89,2,39.58
1727,1375,41,1,625.08
1728,1376,33,1,389.36
1729,1377,83,1,617.49
1730,1378,104,1,1522.89
1731,1378,82,1,1178.34
1732,1379,11,1,1724.43
1733,1379,18,1,576.41
1734,1380,11,2,1638.13
1735,1381,11,2,1667.37
1736,1382,2,1,1147.14
1737,1383,27,2,806.94
1738,1383,49,1,804.16
1739,1384,25,2,401.29
1740,1384,51,1,317.86
1741,1385,48,1,1055.01
1742,1386,78,1,1947.72
1743,1387,45,2,127.03
1744,1388,105,1,623.23
1745,1389,98,1,470.33
1746,1389,25,1,413.34
1747,1390,18,2,582.22
1748,1391,85,1,523.52
1749,1392,80,1,1180.23
1750,1393,71,1,438.18
1751,1394,17,2,151.49
1752,1395,55,1,1974.27
1753,1396,36,1,1197.96
1754,1396,14,2,1340.11
1755,1397,13,1,659.5
1756,1397,116,1,171.27
1757,1398,40,1,343.24
1758,1398,68,1,443.23
1759,1399,100,1,2043.12
1760,1399,46,3,47.28
1761,1400,14,1,1329.78
1762,1401,49,1,737.6
1763,1402,2,1,1055.71
1764,1402,95,1,742.57
1765,1403,119,2,854.06
1766,1404,33,1,385.95
1767,1405,3,1,797.97
1768,1405,78,1,1855.16
1769,1406,11,1,1582.25
1770,1407,53,1,640.04
1771,1408,32,1,1723.59
1772,1408,9,1,1818.7
1773,1409,21,1,255.71
1774,1410,39,2,506.53
1775,1411,76,1,2762.45
1776,1412,3,1,763.11
1777,1413,110,3,590.45
1778,1414,81,1,1811.85
1779,1415,26,1,350.85
1780,1416,84,2,528.03
1781,1417,91,1,118.96
1782,1417,91,1,114.92
1783,1418,96,1,1075.87
1784,1419,45,1,134.07
1785,1420,85,3,531.96
1786,1421,44,1,100.8
1787,1422,102,2,1429.98
1788,1423,87,1,622.03
1789,1424,89,1,40.92
1790,1425,97,1,361.0
1791,1426,7,1,667.61
1792,1426,68,2,465.44
1793,1427,4,2,989.65
1794,1428,117,1,388.64
1795,1429,6,1,449.55
1796,1430,36,1,1217.65
1797,1431,98,1,483.29
1798,1431,53,1,643.25
1799,1432,113,1,212.21
1800,1433,104,1,1606.82
1801,1434,88,1,58.75
1802,1435,97,1,367.06
1803,1436,88,1,61.38
1804,1437,99,1,727.28
1805,1437,3,2,813.85
1806,1438,54,1,1845.62
1807,1439,48,1,1026.83
1808,1440,114,1,486.4
1809,1441,11,2,1627.82
1810,1442,113,2,219.2
1811,1443,56,1,1598.11
1812,1444,63,1,150.63
1813,1444,55,1,1923.87
1814,1445,116,1,169.47
1815,1446,47,2,1070.09
1816,1447,98,2,472.05
1817,1448,92,1,46.09
1818,1449,16,2,820.97
1819,1450,20,1,345.09
1820,1450,101,1,1682.31
1821,1451,1,1,1204.5
1822,1451,14,2,1336.5
1823,1452,71,1,450.13
1824,1453,14,1,1297.7
1825,1454,7,1,716.64
1826,1454,85,1,513.15
1827,1455,29,1,2471.82
1828,1456,80,1,1253.36
1829,1457,41,1,676.49
1830,1457,58,1,1240.9
1831,1458,111,2,375.78
1832,1459,64,1,566.1
1833,1460,34,1,1270.64
1834,1461,99,1,714.4
1835,1462,9,3,1876.72
1836,1463,44,1,98.42
1837,1464,78,3,1921.85
1838,1465,24,1,201.11
1839,1466,32,3,1620.24
1840,1467,6,1,453.73
1841,1468,64,1,565.71
1842,1469,44,1,103.19
1843,1470,117,1,419.62
1844,1471,117,1,392.72
1845,1472,52,1,455.5
1846,1473,61,1,1058.33
1847,1473,13,1,670.5
1848,1474,5,1,344.93
1849,1475,14,1,1295.13
1850,1476,13,1,666.98
1851,1477,70,1,199.0
1852,1478,17,1,147.18
1853,1479,90,3,90.26
1854,1480,80,1,1153.63
1855,1481,30,1,2476.37
1856,1482,90,2,86.07
1857,1483,104,1,1535.07
1858,1484,16,1,808.96
1859,1485,106,1,1380.48
1860,1486,80,1,1167.35
1861,1487,18,2,624.64
1862,1488,14,2,1294.22
1863,1489,94,1,1214.6
1864,1490,102,1,1480.94
1865,1491,90,2,89.53
1866,1491,84,1,522.58
1867,1492,3,2,771.91
1868,1493,73,1,848.39
1869,1494,20,1,323.18
1870,1495,66,1,360.81
1871,1496,105,1,605.67
1872,1497,66,1,340.08
1873,1498,45,2,133.77
1874,1499,31,2,1982.21
1875,1499,22,1,435.12
1876,1500,116,1,173.18
1877,1501,21,1,256.65
1878,1501,119,1,889.63
1879,1502,25,1,393.51
1880,1502,61,1,1050.53
1881,1503,79,1,418.16
1882,1504,97,2,353.38
1883,1505,71,1,450.26
1884,1506,69,1,523.12
1885,1506,70,1,189.17
1886,1507,33,2,416.36
1887,1507,91,1,124.18
1888,1508,2,1,1153.17
1889,1509,116,1,185.25
1890,1510,63,1,150.6
1891,1511,69,1,497.94
1892,1511,38,1,520.88
1893,1512,55,2,1923.69
1894,1513,67,1,266.16
1895,1514,49,1,799.99
1896,1515,35,1,1807.3
1897,1516,41,1,622.67
1898,1517,91,1,118.54
1899,1518,42,1,57.76
1900,1519,45,2,134.77
1901,1520,17,1,147.51
1902,1521,41,1,667.32
1903,1522,37,2,676.28
1904,1522,109,1,143.02
1905,1523,11,1,1586.14
1906,1524,53,2,635.98
1907,1524,59,2,581.3
1908,1525,18,2,616.29
1909,1525,57,1,1714.64
1910,1526,94,2,1291.85
1911,1527,14,1,1277.34
1912,1527,81,1,1826.21
1913,1528,45,1,130.29
1914,1529,18,1,592.73
1915,1529,41,1,633.55
1916,1530,100,1,1973.51
1917,1531,97,1,348.27
1918,1532,14,1,1285.09
1919,1533,6,1,441.48
1920,1534,11,1,1644.08
1921,1535,37,1,700.21
1922,1535,21,1,256.81
1923,1536,20,1,332.64
1924,1537,78,1,1877.52
1925,1538,52,1,478.11
1926,1539,30,1,2534.4
1927,1540,93,1,1140.05
1928,1541,107,1,1140.25
1929,1542,43,1,37.11
1930,1543,67,1,260.12
1931,1543,50,1,1075.58
1932,1544,7,1,691.08
1933,1544,2,3,1057.18
1934,1545,95,1,719.97
1935,1545,79,1,427.86
1936,1546,29,1,2507.85
1937,1547,56,1,1685.96
1938,1548,88,1,60.57
1939,1549,53,1,658.34
1940,1549,42,1,59.03
1941,1550,15,1,1095.67
1942,1551,1,1,1168.96
1943,1552,10,1,1491.24
1944,1553,101,1,1774.7
1945,1554,48,1,1021.67
1946,1554,104,1,1505.66
1947,1555,111,1,399.29
1948,1556,10,2,1436.49
1949,1556,91,1,120.13
1950,1557,110,1,580.49
1951,1558,70,2,205.7
1952,1559,108,1,824.31
1953,1560,82,1,1220.7
1954,1561,107,1,1209.9
1955,1562,31,1,1917.85
1956,1563,3,1,767.47
1957,1564,21,1,260.05
1958,1565,65,1,340.21
1959,1566,80,1,1171.14
1960,1567,22,1,431.08
1961,1568,26,1,359.43
1962,1569,47,3,1068.07
1963,1570,112,2,342.62
1964,1571,11,1,1648.51
1965,1571,117,1,419.8
1966,1572,52,1,474.72
1967,1573,109,1,139.16
1968,1574,11,1,1620.86
1969,1575,97,1,347.2
1970,1575,52,1,468.22
1971,1576,90,2,94.04
1972,1577,53,1,660.72
1973,1578,59,2,610.01
1974,1579,36,2,1149.77
1975,1580,26,1,345.44
1976,1581,82,1,1212.9
1977,1581,15,1,1152.39
1978,1582,89,1,42.97
1979,1583,67,1,265.92
1980,1583,41,2,666.03
1981,1584,69,1,499.07
1982,1585,11,2,1580.05
1983,1586,5,1,346.07
1984,1587,50,1,1032.64
1985,1588,57,1,1716.09
1986,1589,11,2,1672.8
1987,1590,43,1,37.6
1988,1590,118,1,329.02
1989,1591,99,1,753.59
1990,1592,47,1,1136.22
1991,1593,50,1,1035.19
1992,1593,62,1,786.13
1993,1594,83,1,612.2
1994,1594,90,1,92.68
1995,1595,112,1,321.62
1996,1596,115,1,557.6
1997,1597,25,1,409.46
1998,1598,8,1,2095.05
1999,1599,61,1,1027.07
2000,1600,27,1,782.59
2001,1601,58,3,1319.18
2002,1602,27,1,761.18
2003,1602,28,1,248.35
2004,1603,88,1,57.12
2005,1603,92,1,49.82
2006,1604,86,1,379.84
2007,1605,33,1,405.92
2008,1605,49,2,799.7
2009,1606,35,1,1825.93
2010,1607,59,1,605.85
2011,1608,13,1,644.39
2012,1609,66,1,357.43
2013,1610,6,1,431.46
2014,1611,65,1,308.94
2015,1612,5,1,363.43
2016,1613,103,1,1819.59
2017,1614,88,1,58.72
2018,1615,20,1,342.61
2019,1616,90,1,94.45
2020,1617,120,1,258.53
2021,1618,55,1,2024.34
2022,1619,77,2,1885.66
2023,1620,37,1,685.77
2024,1621,78,1,1875.35
2025,1622,34,1,1312.23
2026,1623,112,1,322.02
2027,1624,19,1,338.49
2028,1625,120,2,248.36
2029,1626,63,1,147.35
2030,1627,47,2,1067.15
2031,1628,8,1,1986.12
2032,1629,18,1,593.71
2033,1630,74,1,251.58
2034,1631,7,1,688.71
2035,1632,66,1,339.01
2036,1633,1,2,1249.55
2037,1634,53,1,623.13
2038,1635,8,1,1942.4
2039,1636,64,1,561.64
2040,1637,52,1,480.88
2041,1637,2,1,1145.8
2042,1638,50,1,1095.97
2043,1639,17,1,145.23
2044,1640,4,1,1015.41
2045,1641,74,1,261.56
2046,1642,14,1,1322.95
2047,1642,57,1,1702.29
2048,1643,80,1,1174.5
2049,1644,113,2,224.1
2050,1645,95,1,771.96
2051,1646,26,1,352.46
2052,1647,78,1,1948.93
2053,1648,60,1,1457.74
2054,1649,100,1,1989.96
2055,1650,10,1,1465.75
2056,1650,23,1,501.9
2057,1651,108,2,825.97
2058,1651,112,1,327.31
2059,1652,33,2,396.22
2060,1652,6,2,451.01
2061,1653,61,1,1041.7
2062,1654,60,1,1496.55
2063,1655,21,1,245.18
2064,1655,91,1,117.68
2065,1656,24,1,194.04
2066,1657,88,1,56.33
2067,1658,8,1,2036.94
2068,1658,117,2,401.57
2069,1659,54,2,1739.85
2070,1660,114,1,483.02
2071,1660,61,1,1036.37
2072,1661,55,3,1860.51
2073,1661,47,1,1063.48
2074,1662,71,1,456.33
2075,1663,40,1,355.93
2076,1664,54,2,1833.62
2077,1665,25,1,404.49
2078,1666,5,2,361.16
2079,1667,106,1,1458.91
2080,1668,96,1,1067.43
2081,1668,36,3,1162.21
2082,1669,32,1,1646.37
2083,1670,92,2,49.51
2084,1670,14,1,1250.18
2085,1671,75,1,2210.65
2086,1671,74,1,276.38
2087,1672,83,1,606.7
2088,1673,119,3,873.43
2089,1674,34,1,1276.75
2090,1675,98,1,465.52
2091,1676,72,3,370.21
2092,1676,93,1,1156.37
2093,1677,86,1,402.6
2094,1678,69,3,512.12
2095,1679,45,1,126.6
2096,1680,15,1,1099.79
2097,1680,31,2,2077.8
2098,1681,14,1,1313.79
2099,1682,64,1,539.95
2100,1683,58,1,1315.46
2101,1684,114,1,507.54
2102,1685,33,2,410.68
2103,1685,11,2,1643.34
2104,1686,37,2,690.72
2105,1686,78,1,1939.46
2106,1687,21,1,240.01
2107,1688,100,1,2001.12
2108,1688,49,1,783.52
2109,1689,36,1,1201.66
2110,1689,84,1,526.8
2111,1690,59,2,581.96
2112,1691,19,1,346.72
2113,1692,118,2,319.23
2114,1693,113,1,225.27
2115,1694,19,1,340.68
2116,1695,65,1,331.14
2117,1696,36,1,1156.44
2118,1697,32,1,1663.79
2119,1698,99,1,755.23
2120,1699,41,1,678.84
2121,1700,2,1,1060.57
2122,1701,74,1,256.69
2123,1701,36,1,1163.67
2124,1702,87,1,660.52
2125,1702,62,1,741.04
2126,1703,108,1,795.79
2127,1703,33,1,392.74
2128,1704,94,3,1253.88
2129,1705,39,1,507.92
2130,1705,73,1,822.8
2131,1706,61,1,1013.43
2132,1707,21,1,245.64
2133,1708,29,2,2410.23
2134,1709,18,1,591.36
2135,1709,58,1,1257.65
2136,1710,21,1,257.2
2137,1711,57,1,1640.17
2138,1711,95,1,721.43
2139,1712,34,1,1261.15
2140,1713,10,2,1560.81
2141,1714,77,1,1910.71
2142,1715,24,1,189.87
2143,1715,29,1,2456.81
2144,1716,94,1,1219.26
2145,1716,20,1,313.02
2146,1717,18,1,598.92
2147,1718,95,1,761.77
2148,1718,91,1,119.87
2149,1719,61,1,1014.86
2150,1719,69,1,524.43
2151,1720,32,1,1772.66
2152,1721,116,3,180.45
2153,1722,23,1,516.49
2154,1722,30,2,2599.66
2155,1723,65,1,338.75
2156,1724,94,3,1180.92
2157,1725,93,1,1180.1
2158,1726,97,1,378.13
2159,1727,111,1,390.82
2160,1727,10,1,1494.73
2161,1728,8,1,2098.46
2162,1729,90,1,90.32
2163,1729,81,1,1732.63
2164,1730,69,1,546.69
2165,1730,9,1,1873.78
2166,1731,21,1,252.26
2167,1732,102,2,1464.77
2168,1733,36,1,1143.63
2169,1733,117,2,418.51
2170,1734,13,2,643.59
2171,1735,20,1,331.63
2172,1736,120,1,262.58
2173,1736,51,2,334.01
2174,1737,29,3,2443.65
2175,1738,103,1,1882.08
2176,1739,18,3,623.25
2177,1740,27,1,783.07
2178,1741,13,1,626.78
2179,1741,57,1,1696.12
2180,1742,38,1,519.52
2181,1742,14,1,1242.95
2182,1743,48,3,1060.65
2183,1744,46,1,50.91
2184,1745,96,1,1070.99
2185,1746,92,1,46.22
2186,1747,12,1,1415.79
2187,1748,65,3,340.24
2188,1748,116,1,171.22
2189,1749,83,1,608.75
2190,1750,37,1,727.96
2191,1751,116,2,177.56
2192,1752,120,1,243.98
2193,1753,55,1,1934.98
2194,1754,82,1,1189.06
2195,1755,56,2,1622.27
2196,1755,60,1,1442.48
2197,1756,17,3,151.29
2198,1757,62,1,785.7
2199,1758,35,1,1777.64
2200,1759,115,1,515.26
2201,1760,111,1,387.52
2202,1761,94,1,1172.37
2203,1761,29,1,2492.36
2204,1762,63,1,146.01
2205,1763,106,1,1437.84
2206,1764,38,1,478.41
2207,1764,2,1,1071.42
2208,1765,21,1,257.7
2209,1766,70,1,193.92
2210,1767,68,2,471.93
2211,1768,53,1,623.46
2212,1769,51,1,332.0
2213,1770,118,2,319.06
2214,1771,67,1,254.67
2215,1772,91,2,122.86
2216,1773,91,1,114.87
2217,1774,87,1,619.08
2218,1775,41,1,665.48
2219,1776,22,2,428.98
2220,1777,116,3,176.82
2221,1777,104,3,1575.24
2222,1778,81,1,1774.33
2223,1779,20,1,317.69
2224,1780,18,1,628.15
2225,1780,44,2,102.84
2226,1781,88,2,59.09
2227,1782,116,2,182.87
2228,1783,22,2,457.07
2229,1784,73,1,814.19
2230,1785,21,1,257.95
2231,1786,98,1,452.34
2232,1787,3,1,800.72
2233,1787,67,2,263.31
2234,1788,66,1,353.93
2235,1789,37,1,719.07
2236,1790,70,1,196.91
2237,1790,118,1,321.55
2238,1791,62,3,766.64
2239,1791,92,2,50.19
2240,1792,50,1,1095.78
2241,1793,99,1,705.08
2242,1794,1,1,1236.71
2243,1795,64,3,573.77
2244,1796,12,1,1391.24
2245,1797,77,1,1956.06
2246,1798,46,1,46.72
2247,1799,11,1,1675.97
2248,1799,93,1,1172.97
2249,1800,102,1,1495.92
2250,1801,120,1,242.99
2251,1801,4,1,960.83
2252,1802,102,3,1522.88
2253,1803,79,1,442.54
2254,1804,13,1,636.8
2255,1805,107,2,1173.7
2256,1806,110,2,604.81
2257,1807,3,1,826.41
2258,1808,105,3,615.85
2259,1808,70,2,193.08
2260,1809,53,1,662.83
2261,1810,102,1,1419.22
2262,1811,83,1,632.11
2263,1812,89,1,40.5
2264,1813,42,2,57.52
2265,1814,19,1,347.49
2266,1815,43,1,37.88
2267,1815,98,1,478.15
2268,1816,87,1,649.6
2269,1817,9,1,1869.37
2270,1818,46,2,47.97
2271,1818,26,3,346.19
2272,1819,51,1,322.5
2273,1819,48,1,1035.88
2274,1820,101,1,1717.39
2275,1821,92,2,48.87
2276,1821,97,1,355.78
2277,1822,67,1,261.07
2278,1823,40,1,346.75
2279,1824,51,3,329.41
2280,1825,111,1,397.75
2281,1825,6,1,431.42
2282,1826,87,3,644.86
2283,1827,116,1,171.43
2284,1827,20,1,323.43
2285,1828,9,2,1856.86
2286,1829,46,1,50.81
2287,1830,33,1,391.7
2288,1830,12,2,1402.28
2289,1831,71,1,452.92
2290,1832,116,1,180.04
2291,1833,106,2,1375.63
2292,1834,31,1,2051.22
2293,1835,93,1,1208.22
2294,1836,46,1,48.81
2295,1837,87,1,617.47
2296,1838,79,1,453.16
2297,1839,72,1,350.28
2298,1839,112,1,340.3
2299,1840,46,1,48.43
2300,1841,16,1,808.65
2301,1842,19,1,363.04
2302,1843,97,1,357.37
2303,1844,17,1,145.7
2304,1845,15,1,1148.5
2305,1846,27,2,807.81
2306,1847,40,1,346.06
2307,1848,115,2,540.23
2308,1849,37,1,718.65
2309,1850,53,1,615.22
2310,1851,74,1,270.73
2311,1851,16,1,780.29
2312,1852,92,1,48.09
2313,1852,71,1,440.78
2314,1853,77,1,1938.45
2315,1854,110,1,625.64
2316,1855,109,1,138.24
2317,1856,10,1,1545.53
2318,1857,72,1,367.38
2319,1857,68,1,474.42
2320,1858,106,1,1453.76
2321,1859,87,1,614.37
2322,1859,5,1,347.08
2323,1860,85,1,549.76
2324,1861,34,1,1276.72
2325,1862,72,1,350.53
2326,1862,114,1,467.76
2327,1863,96,3,1063.8
2328,1863,98,1,469.89
2329,1864,95,3,721.67
2330,1865,30,1,2444.0
2331,1866,5,1,332.64
2332,1867,7,1,710.64
2333,1868,1,1,1243.4
2334,1869,51,2,313.66
2335,1870,67,1,256.16
2336,1871,112,1,340.47
2337,1872,62,1,748.77
2338,1873,43,2,38.55
2339,1874,86,2,376.93
2340,1875,4,1,982.64
2341,1876,52,1,486.17
2342,1877,11,1,1657.77
2343,1877,52,1,498.9
2344,1878,82,1,1227.44
2345,1879,119,3,854.1
2346,1880,85,1,517.73
2347,1881,22,2,470.11
2348,1882,47,1,1107.77
2349,1882,90,1,88.93
2350,1883,37,1,689.34
2351,1883,107,1,1198.53
2352,1884,10,1,1461.32
2353,1885,8,1,2001.81
2354,1886,11,1,1657.52
2355,1887,1,1,1164.67
2356,1888,66,1,336.51
2357,1889,60,3,1431.1
2358,1890,10,1,1533.32
2359,1891,39,2,475.45
2360,1892,14,1,1293.27
2361,1892,19,1,357.48
2362,1893,65,1,339.52
2363,1893,99,1,726.28
2364,1894,68,1,482.23
2365,1894,96,1,1035.13
2366,1895,89,2,41.57
2367,1896,104,1,1579.18
2368,1897,36,1,1231.6
2369,1898,14,1,1304.32
2370,1899,62,1,799.31
2371,1900,60,1,1488.07
2372,1900,54,1,1778.08
2373,1901,71,1,449.55
2374,1902,71,1,455.41
2375,1902,49,1,795.18
2376,1903,40,1,361.42
2377,1903,12,1,1339.4
2378,1904,74,1,277.04
2379,1904,74,1,276.96
2380,1905,71,2,449.32
2381,1906,77,1,1902.58
2382,1907,82,1,1235.34
2383,1907,91,1,119.66
2384,1908,30,1,2523.93
2385,1909,71,1,452.05
2386,1910,10,1,1557.8
2387,1911,82,3,1187.75
2388,1911,90,1,92.78
2389,1912,9,1,1796.42
2390,1913,110,1,594.89
2391,1913,6,1,441.12
2392,1914,53,1,615.27
2393,1915,77,1,1902.03
2394,1916,89,2,40.98
2395,1916,3,1,799.02
2396,1917,118,1,307.99
2397,1918,94,1,1253.17
2398,1918,90,1,88.55
2399,1919,79,1,421.03
2400,1920,8,1,2085.77
2401,1921,67,1,254.35
2402,1921,55,1,2030.87
2403,1922,72,1,384.3
2404,1923,23,1,484.23
2405,1923,57,1,1678.36
2406,1924,60,1,1407.79
2407,1925,2,1,1127.76
2408,1926,17,1,143.04
2409,1927,22,3,435.85
2410,1928,1,1,1244.62
2411,1928,54,1,1857.83
2412,1929,90,1,87.29
2413,1929,35,1,1750.77
2414,1930,29,3,2538.07
2415,1931,10,1,1540.86
2416,1931,104,1,1628.16
2417,1932,60,1,1446.84
2418,1932,58,1,1307.85
2419,1933,19,1,362.21
2420,1933,93,1,1179.6
2421,1934,54,1,1805.57
2422,1935,114,3,496.77
2423,1936,90,1,93.18
2424,1937,103,3,1771.49
2425,1938,61,1,1057.76
2426,1939,6,1,460.22
2427,1940,89,1,40.43
2428,1941,19,1,353.4
2429,1942,100,3,2033.45
2430,1943,48,1,1089.62
2431,1944,46,1,49.54
2432,1944,73,1,833.73
2433,1945,8,1,2056.13
2434,1945,51,2,344.06
2435,1946,69,1,543.44
2436,1947,109,1,150.55
2437,1948,8,1,2065.4
2438,1949,1,2,1256.64
2439,1950,31,1,2005.01
2440,1950,36,1,1251.13
2441,1951,27,2,811.82
2442,1951,1,2,1257.52
2443,1952,33,1,384.09
2444,1953,29,1,2414.09
2445,1953,83,1,664.49
2446,1954,110,1,584.47
2447,1955,110,1,621.27
2448,1955,37,1,708.43
2449,1956,118,1,320.81
2450,1957,105,1,623.37
2451,1958,27,1,832.14
2452,1959,61,1,999.77
2453,1960,78,2,1802.26
2454,1961,32,2,1649.21
2455,1962,113,3,222.14
2456,1963,9,1,1878.37
2457,1964,27,1,833.56
2458,1965,94,3,1266.49
2459,1965,51,2,317.86
2460,1966,71,1,443.01
2461,1967,25,1,393.22
2462,1968,82,1,1231.43
2463,1969,89,1,39.42
2464,1969,57,1,1622.33
2465,1970,46,1,48.4
2466,1971,96,1,1113.79
2467,1971,74,1,265.89
2468,1972,91,1,117.61
2469,1972,119,1,887.53
2470,1973,28,2,253.59
2471,1973,103,1,1839.62
2472,1974,44,1,98.11
2473,1975,49,1,743.18
2474,1976,45,1,130.01
2475,1977,53,1,655.38
2476,1978,42,3,59.45
2477,1978,48,1,1067.95
2478,1979,27,1,804.53
2479,1979,87,1,628.75
2480,1980,112,1,338.15
2481,1981,75,1,2358.83
2482,1982,91,1,123.28
2483,1983,114,1,512.99
2484,1983,105,3,620.42
2485,1984,81,3,1775.93
2486,1985,22,1,429.63
2487,1986,65,2,337.88
2488,1986,34,2,1313.37
2489,1987,23,2,487.07
2490,1988,74,1,261.21
2491,1989,107,1,1221.11
2492,1990,89,2,39.98
2493,1990,111,1,384.51
2494,1991,57,2,1614.03
2495,1991,107,1,1208.17
2496,1992,109,1,139.93
2497,1993,108,3,806.6
2498,1994,99,1,737.39
2499,1995,86,2,402.46
2500,1996,119,1,882.58
2501,1997,53,2,634.6
2502,1998,1,2,1256.88
2503,1999,70,1,192.26
2504,2000,58,2,1302.75
2505,2000,74,1,251.94
2506,2001,86,1,382.06
2507,2002,95,1,780.59
2508,2003,17,2,149.07
2509,2004,95,1,747.56
2510,2005,75,1,2359.85
2511,2005,49,1,751.99
2512,2006,56,1,1634.85
2513,2007,59,1,597.83
2514,2008,77,1,1834.91
2515,2009,14,1,1242.2
2516,2010,98,1,481.34
2517,2010,6,1,431.89
2518,2011,33,1,380.49
2519,2012,82,1,1205.03
2520,2013,80,1,1245.79
2521,2013,79,1,424.26
2522,2014,10,2,1497.91
2523,2014,93,2,1196.01
2524,2015,63,1,152.21
2525,2016,79,2,436.72
2526,2017,26,2,349.5
2527,2018,102,1,1457.88
2528,2019,28,1,252.84
2529,2020,72,1,377.65
2530,2021,118,1,299.27
2531,2022,49,1,790.24
2532,2023,30,1,2436.76
2533,2023,62,1,749.46
2534,2024,118,1,323.47
2535,2024,74,1,253.85
2536,2025,7,1,676.93
2537,2025,12,1,1426.47
2538,2026,113,1,226.51
2539,2027,73,1,794.51
2540,2028,53,1,654.98
2541,2029,12,1,1428.22
2542,2030,104,1,1587.43
2543,2031,50,1,1105.05
2544,2031,120,1,252.65
2545,2032,27,1,815.63
2546,2033,94,1,1189.84
2547,2034,91,1,124.33
2548,2034,49,1,800.62
2549,2035,32,1,1731.23
2550,2036,35,1,1755.74
2551,2036,15,1,1131.67
2552,2037,111,3,393.72
2553,2038,16,1,834.06
2554,2039,103,1,1712.72
2555,2040,32,1,1626.81
2556,2040,92,1,46.11
2557,2041,60,1,1427.03
2558,2042,21,1,255.06
2559,2043,59,1,620.87
2560,2044,79,1,414.96
2561,2045,16,1,774.13
2562,2046,83,2,665.51
2563,2047,28,1,253.47
2564,2048,77,2,1843.03
2565,2049,96,1,1081.58
2566,2050,73,3,830.41
2567,2051,4,2,996.33
2568,2052,39,2,508.06
2569,2053,23,1,522.02
2570,2054,95,1,716.5
2571,2055,5,1,339.27
2572,2056,61,1,1020.52
2573,2057,48,1,1060.89
2574,2058,81,1,1748.09
2575,2058,26,2,365.51
2576,2059,55,1,2004.98
2577,2060,19,1,342.22
2578,2060,105,3,571.22
2579,2061,48,1,1029.25
2580,2062,11,1,1703.39
2581,2062,104,2,1622.75
2582,2063,92,1,46.28
2583,2064,49,1,772.71
2584,2065,52,1,453.01
2585,2066,100,1,2155.21
2586,2067,9,1,1726.11
2587,2068,10,1,1489.15
2588,2068,48,1,1055.81
2589,2069,45,1,131.48
2590,2069,112,1,321.31
2591,2070,52,1,457.87
2592,2071,93,1,1108.82
2593,2072,40,1,340.01
2594,2073,8,1,1909.34
2595,2073,70,2,191.88
2596,2074,70,1,196.73
2597,2075,46,1,49.8
2598,2076,60,1,1479.28
2599,2077,39,2,516.54
2600,2078,119,1,864.95
2601,2079,88,1,59.45
2602,2080,47,1,1159.08
2603,2081,20,1,320.06
2604,2082,77,2,1858.92
2605,2082,63,1,148.23
2606,2083,48,2,1021.58
2607,2084,36,1,1155.77
2608,2085,12,1,1448.78
2609,2086,41,1,639.79
2610,2086,58,1,1312.16
2611,2087,60,1,1463.6
2612,2088,13,1,644.55
2613,2088,42,1,57.72
2614,2089,50,1,1029.39
2615,2090,81,2,1669.94
2616,2091,101,2,1760.6
2617,2091,99,1,716.16
2618,2092,11,1,1720.3
2619,2093,110,1,603.72
2620,2093,101,1,1652.79
2621,2094,48,1,1038.68
2622,2095,34,1,1238.19
2623,2096,55,2,1860.82
2624,2097,80,1,1259.45
2625,2098,18,3,615.12
2626,2099,87,1,657.19
2627,2100,1,2,1194.33
2628,2100,49,1,746.29
2629,2101,118,1,308.74
2630,2102,95,1,741.51
2631,2103,20,1,333.76
2632,2104,15,1,1077.75
2633,2105,79,3,416.19
2634,2106,50,1,1039.28
2635,2107,111,1,402.15
2636,2108,74,1,256.52
2637,2109,15,1,1133.14
2638,2110,86,2,393.85
2639,2110,58,1,1316.64
2640,2111,119,1,871.98
2641,2112,63,2,159.54
2642,2113,74,1,262.15
2643,2114,40,1,337.4
2644,2115,102,1,1438.76
2645,2116,42,1,57.02
2646,2117,19,1,338.77
2647,2118,83,1,622.94
2648,2119,101,2,1624.45
2649,2120,68,1,474.07
2650,2121,70,1,197.73
2651,2122,75,1,2222.62
2652,2123,14,1,1292.03
2653,2124,52,1,468.92
2654,2125,119,1,837.18
2655,2126,25,1,388.96
2656,2126,99,1,718.71
2657,2127,13,1,670.35
2658,2127,19,1,365.38
2659,2128,114,1,485.77
2660,2129,61,1,1019.38
2661,2129,71,1,431.66
2662,2130,94,1,1193.59
2663,2130,28,1,244.74
2664,2131,76,3,2696.1
2665,2132,36,1,1235.54
2666,2133,78,1,1948.08
2667,2134,114,1,497.95
2668,2135,118,1,325.62
2669,2136,10,1,1476.22
2670,2137,57,2,1748.42
2671,2138,54,1,1758.54
2672,2139,113,2,219.98
2673,2140,119,1,855.81
2674,2140,97,1,366.89
2675,2141,86,2,374.45
2676,2141,66,1,334.89
2677,2142,30,1,2482.6
2678,2143,101,1,1657.49
2679,2144,27,1,782.04
2680,2144,109,1,143.43
2681,2145,64,1,524.69
2682,2146,109,1,142.07
2683,2147,71,1,455.23
2684,2148,58,1,1291.84
2685,2149,119,1,865.14
2686,2150,69,1,508.34
2687,2150,84,2,489.55
2688,2151,42,1,59.81
2689,2152,42,1,58.02
2690,2152,37,1,728.52
2691,2153,30,2,2530.16
2692,2154,98,1,472.79
2693,2155,101,1,1791.6
2694,2156,111,1,387.06
2695,2157,29,1,2418.09
2696,2158,1,1,1143.35
2697,2159,62,2,773.14
2698,2160,3,1,813.24
2699,2161,41,1,653.82
2700,2162,51,1,329.63
2701,2163,60,1,1475.82
2702,2164,93,1,1135.24
2703,2165,49,1,790.32
2704,2165,113,1,211.74
2705,2166,59,1,627.23
2706,2167,45,1,123.65
2707,2167,56,1,1605.55
2708,2168,17,1,148.39
2709,2168,116,1,179.82
2710,2169,46,1,46.59
2711,2170,5,1,341.81
2712,2171,46,1,49.72
2713,2172,56,1,1575.13
2714,2173,42,1,60.89
2715,2174,34,1,1249.16
2716,2174,43,1,38.67
2717,2175,110,1,575.26
2718,2176,55,1,1928.37
2719,2177,96,3,1041.21
2720,2178,112,1,333.55
2721,2179,93,2,1196.29
2722,2180,37,1,665.77
2723,2181,9,1,1799.8
2724,2182,8,1,2054.77
2725,2183,8,1,1931.67
2726,2183,103,2,1716.63
2727,2184,105,1,587.08
2728,2185,27,1,834.3
2729,2185,3,1,810.41
2730,2186,118,1,309.75
2731,2187,23,1,522.55
2732,2188,99,1,715.55
2733,2188,111,1,401.52
2734,2189,100,1,2061.47
2735,2190,68,1,482.46
2736,2191,67,1,265.7
2737,2192,97,1,360.92
2738,2193,11,3,1686.33
2739,2193,41,1,641.98
2740,2194,43,1,38.86
2741,2195,56,1,1569.86
2742,2196,11,1,1570.46
2743,2197,117,1,417.37
2744,2197,54,1,1871.93
2745,2198,63,1,148.41
2746,2199,51,3,320.44
2747,2200,55,1,1853.74
2748,2201,73,2,790.7
2749,2201,6,3,451.11
2750,2202,48,1,1055.14
2751,2202,8,1,2068.72
2752,2203,88,2,57.9
2753,2204,47,1,1147.0
2754,2205,88,1,56.69
2755,2205,48,1,1012.12
2756,2206,90,1,85.79
2757,2207,56,1,1711.95
2758,2208,120,1,250.88
2759,2209,104,1,1562.33
2760,2210,71,1,441.92
2761,2211,118,1,304.89
2762,2212,60,1,1470.17
2763,2213,33,1,412.2
2764,2214,88,1,56.11
2765,2215,39,1,515.97
2766,2216,62,1,773.59
2767,2217,14,1,1347.63
2768,2218,54,3,1759.86
2769,2218,116,1,177.68
2770,2219,36,1,1155.41
2771,2220,67,1,252.54
2772,2221,110,1,611.26
2773,2222,55,1,1929.54
2774,2223,90,3,90.19
2775,2224,23,1,476.8
2776,2225,70,1,198.24
2777,2226,101,3,1686.8
2778,2227,92,1,46.5
2779,2228,116,2,181.03
2780,2228,76,2,2736.65
2781,2229,76,2,2721.34
2782,2230,54,2,1878.97
2783,2231,53,2,628.01
2784,2232,1,1,1226.57
2785,2232,19,1,335.32
2786,2233,47,1,1078.2
2787,2234,56,1,1610.51
2788,2235,113,1,223.22
2789,2236,98,1,451.77
2790,2236,29,1,2387.86
2791,2237,68,1,440.35
2792,2237,117,1,393.48
2793,2238,85,1,527.03
2794,2239,60,3,1454.09
2795,2240,115,1,532.7
2796,2240,60,1,1400.75
2797,2241,54,1,1837.16
2798,2242,113,1,214.09
2799,2243,45,1,126.89
2800,2244,26,2,334.35
2801,2245,93,1,1196.26
2802,2246,85,1,548.21
2803,2247,106,1,1436.15
2804,2247,68,1,467.54
2805,2248,45,1,126.29
2806,2248,107,1,1175.4
2807,2249,58,1,1232.48
2808,2250,72,1,365.61
2809,2251,4,3,1034.51
2810,2251,71,1,427.22
2811,2252,3,1,762.97
2812,2253,7,1,688.53
2813,2254,102,3,1426.66
2814,2254,10,1,1458.33
2815,2255,103,2,1718.36
2816,2255,4,1,979.97
2817,2256,18,1,604.64
2818,2256,98,1,482.62
2819,2257,13,1,660.46
2820,2257,27,1,798.99
2821,2258,101,2,1701.13
2822,2258,115,1,541.07
2823,2259,22,1,442.64
2824,2259,18,2,571.88
2825,2260,114,1,504.8
2826,2260,47,1,1167.94
2827,2261,46,1,48.65
2828,2262,94,1,1182.55
2829,2262,107,1,1147.65
2830,2263,6,1,444.94
2831,2264,19,2,356.79
2832,2265,40,2,363.79
2833,2266,73,1,818.34
2834,2267,112,1,325.18
2835,2267,22,1,457.75
2836,2268,25,1,407.63
2837,2268,11,2,1576.58
2838,2269,101,2,1662.16
2839,2270,90,1,91.36
2840,2270,74,1,257.72
2841,2271,29,1,2578.93
2842,2272,47,1,1146.73
2843,2273,91,3,119.53
2844,2274,66,2,354.15
2845,2275,80,1,1172.16
2846,2276,87,1,616.8
2847,2277,79,1,452.95
2848,2278,6,1,458.55
2849,2278,29,1,2482.01
2850,2279,66,1,347.88
2851,2279,65,2,308.46
2852,2280,33,1,395.24
2853,2281,107,1,1128.43
2854,2281,71,1,432.85
2855,2282,104,1,1597.32
2856,2283,66,1,335.91
2857,2284,79,1,440.03
2858,2285,30,1,2376.98
2859,2286,80,1,1213.58
2860,2287,106,1,1391.03
2861,2288,61,2,1009.52
2862,2289,73,1,870.64
2863,2290,109,1,138.44
2864,2291,31,1,2075.14
2865,2292,96,1,1093.13
2866,2292,93,1,1158.0
2867,2293,35,1,1711.72
2868,2294,10,3,1529.99
2869,2295,45,3,129.09
2870,2296,4,1,980.71
2871,2297,41,1,670.81
2872,2298,68,1,446.56
2873,2298,119,1,884.45
2874,2299,5,1,346.36
2875,2299,65,3,329.06
2876,2300,53,1,650.43
2877,2301,95,1,753.91
2878,2302,53,1,649.51
2879,2303,111,1,364.74
2880,2304,27,1,793.87
2881,2304,68,1,444.42
2882,2305,90,1,88.02
2883,2305,112,1,351.57
2884,2306,88,1,61.59
2885,2307,14,2,1276.45
2886,2308,76,1,2757.68
2887,2309,85,1,547.72
2888,2310,48,1,1055.05
2889,2310,29,1,2516.76
2890,2311,78,1,1862.41
2891,2311,31,1,2057.0
2892,2312,64,2,546.7
2893,2313,6,1,452.37
2894,2314,83,1,637.55
2895,2315,7,1,696.35
2896,2316,8,1,2087.8
2897,2316,4,1,999.48
2898,2317,1,1,1154.36
2899,2318,89,2,39.69
2900,2319,51,1,325.62
2901,2320,83,1,642.92
2902,2321,59,1,584.9
2903,2321,5,1,342.8
2904,2322,37,1,716.73
2905,2323,65,1,338.97
2906,2324,56,3,1674.86
2907,2325,36,1,1250.54
2908,2326,104,1,1609.09
2909,2327,1,1,1159.41
2910,2328,24,1,206.68
2911,2329,111,1,402.02
2912,2329,89,1,40.7
2913,2330,99,1,722.24
2914,2331,79,1,452.84
2915,2332,14,1,1259.87
2916,2333,91,1,118.66
2917,2333,31,1,1949.84
2918,2334,27,2,808.21
2919,2335,2,1,1112.02
2920,2336,91,1,122.47
2921,2337,109,2,146.84
2922,2338,64,1,548.74
2923,2339,26,1,334.99
2924,2340,18,1,596.78
2925,2341,65,1,326.96
2926,2342,11,1,1607.93
2927,2343,3,1,773.45
2928,2343,70,1,190.83
2929,2344,67,1,268.46
2930,2345,116,1,172.51
2931,2346,77,1,1807.66
2932,2347,10,1,1450.12
2933,2347,23,1,488.07
2934,2348,2,1,1100.52
2935,2349,66,1,328.93
2936,2349,85,1,504.8
2937,2350,109,1,149.62
2938,2351,43,1,40.6
2939,2352,44,1,103.66
2940,2353,116,2,172.61
2941,2354,68,1,452.01
2942,2355,73,1,831.43
2943,2356,88,1,58.38
2944,2357,49,1,767.09
2945,2357,87,1,620.63
2946,2358,69,1,547.26
2947,2359,89,1,39.88
2948,2360,106,1,1361.16
2949,2360,18,1,576.43
2950,2361,111,1,372.0
2951,2362,50,1,1107.73
2952,2363,43,1,37.98
2953,2364,30,2,2505.44
2954,2365,78,1,1936.43
2955,2366,101,1,1710.43
2956,2367,38,1,503.46
2957,2367,78,1,1841.23
2958,2368,120,1,243.6
2959,2369,65,2,323.09
2960,2370,56,2,1556.72
2961,2371,40,1,358.45
2962,2372,99,1,744.99
2963,2373,60,1,1394.39
2964,2373,25,1,388.96
2965,2374,104,1,1596.73
2966,2375,16,3,836.53
2967,2376,86,1,394.18
2968,2376,88,3,58.6
2969,2377,96,1,1124.47
2970,2378,117,2,397.42
2971,2379,52,1,482.38
2972,2379,108,1,791.87
2973,2380,19,1,351.35
2974,2380,94,2,1275.31
2975,2381,76,1,2585.5
2976,2382,36,1,1160.4
2977,2383,60,1,1403.23
2978,2384,65,1,334.77
2979,2385,102,1,1457.01
2980,2386,49,1,749.87
2981,2387,112,1,320.84
2982,2387,98,1,462.38
2983,2388,17,1,154.09
2984,2388,36,3,1247.15
2985,2389,83,1,642.06
2986,2390,54,1,1743.2
2987,2391,101,1,1667.7
2988,2392,107,1,1226.67
2989,2393,108,2,840.76
2990,2393,45,1,127.03
2991,2394,46,1,48.0
2992,2395,109,1,148.53
2993,2395,92,1,50.4
2994,2396,14,1,1256.64
2995,2397,52,1,497.32
2996,2398,85,1,508.68
2997,2399,31,1,1987.55
2998,2399,99,1,741.38
2999,2400,82,2,1154.39
3000,2401,81,2,1668.24
3001,2401,106,1,1365.83
3002,2402,118,1,325.94
3003,2403,99,1,713.77
3004,2404,86,1,368.05
3005,2404,31,1,1900.91
3006,2405,73,1,842.73
3007,2406,117,1,419.18
3008,2406,61,1,1013.59
3009,2407,62,1,750.7
3010,2408,59,1,586.15
3011,2409,94,1,1263.68
3012,2409,105,1,583.7
3013,2410,57,1,1761.3
3014,2411,62,1,786.28
3015,2412,9,2,1750.71
3016,2413,32,1,1764.3
3017,2413,45,1,128.2
3018,2414,18,2,585.56
3019,2415,9,1,1880.88
3020,2415,9,1,1716.28
3021,2416,108,1,856.52
3022,2416,10,1,1559.99
3023,2417,62,1,787.49
3024,2418,42,1,57.99
3025,2419,94,2,1254.03
3026,2420,19,1,339.65
3027,2421,19,1,335.05
3028,2422,120,1,261.13
3029,2423,28,1,245.67
3030,2423,101,3,1687.08
3031,2424,99,1,718.36
3032,2424,113,1,215.55
3033,2425,49,3,806.12
3034,2426,60,1,1455.36
3035,2427,77,1,1917.52
3036,2427,83,2,638.06
3037,2428,62,1,780.34
3038,2429,83,2,606.53
3039,2430,104,1,1564.72
3040,2430,82,1,1159.44
3041,2431,25,2,393.68
3042,2431,71,1,454.99
3043,2432,53,1,634.39
3044,2432,114,1,469.83
3045,2433,17,1,153.68
3046,2434,113,1,218.95
3047,2435,5,1,351.18
3048,2436,104,1,1583.24
3049,2437,79,3,427.29
3050,2438,3,1,785.93
3051,2438,82,1,1240.32
3052,2439,77,1,1970.24
3053,2439,26,1,334.64
3054,2440,42,1,61.01
3055,2440,57,1,1670.83
3056,2441,109,2,138.48
3057,2442,46,1,49.99
3058,2443,109,2,149.14
3059,2444,83,2,623.02
3060,2445,52,2,457.92
3061,2445,68,1,463.36
3062,2446,63,1,158.59
3063,2447,111,3,376.8
3064,2448,120,1,239.85
3065,2449,101,1,1640.21
3066,2450,78,1,1867.78
3067,2451,25,1,393.2
3068,2451,62,1,771.93
3069,2452,39,1,495.38
3070,2453,8,1,1987.12
3071,2454,14,1,1269.36
3072,2454,47,1,1121.11
3073,2455,35,1,1790.14
3074,2455,120,1,247.39
3075,2456,65,1,335.05
3076,2457,27,1,815.03
3077,2457,111,1,365.35
3078,2458,114,1,494.12
3079,2459,53,3,610.88
3080,2460,51,1,333.06
3081,2461,79,1,420.2
3082,2462,12,1,1405.54
3083,2463,75,1,2433.81
3084,2463,66,2,360.09
3085,2464,33,1,382.17
3086,2465,37,2,694.18
3087,2466,112,1,329.21
3088,2466,7,1,723.94
3089,2467,67,1,248.31
3090,2468,80,1,1178.92
3091,2469,4,1,949.31
3092,2470,87,2,606.15
3093,2470,90,1,90.52
3094,2471,4,1,973.6
3095,2472,107,1,1168.43
3096,2472,58,1,1313.41
3097,2473,53,1,665.62
3098,2474,67,1,269.27
3099,2475,110,1,617.64
3100,2476,118,1,322.18
3101,2476,21,3,240.63
3102,2477,106,2,1387.95
3103,2478,118,1,326.14
3104,2479,11,1,1722.71
3105,2480,55,2,1979.25
3106,2481,63,1,148.37
3107,2482,78,2,1844.23
3108,2483,73,1,838.21
3109,2484,72,1,356.27
3110,2485,78,1,1854.54
3111,2486,17,1,146.95
3112,2487,34,1,1242.45
3113,2488,80,1,1208.69
3114,2489,68,1,443.66
3115,2489,48,3,1041.95
3116,2490,67,1,271.31
3117,2491,2,1,1086.44
3118,2492,9,1,1857.44
3119,2493,43,2,38.64
3120,2494,56,1,1595.18
3121,2495,107,1,1164.04
3122,2496,106,1,1431.84
3123,2497,86,1,393.31
3124,2498,54,1,1710.97
3125,2499,12,2,1427.95
3126,2500,9,1,1857.49
3127,2501,25,1,406.27
3128,2501,110,1,580.96
3129,2502,104,1,1567.69
3130,2503,73,1,845.88
3131,2504,101,3,1649.49
3132,2504,33,2,404.03
3133,2505,66,1,346.62
3134,2506,1,1,1254.76
3135,2507,21,2,241.71
3136,2508,15,3,1044.43
3137,2509,88,1,57.85
3138,2510,60,1,1394.27
3139,2511,88,1,58.38
3140,2512,37,1,666.84
3141,2513,71,1,428.58
3142,2514,62,1,798.11
3143,2515,101,2,1710.06
3144,2516,14,1,1301.49
3145,2517,30,1,2513.37
3146,2517,6,1,467.3
3147,2518,5,1,358.76
3148,2519,119,1,845.27
3149,2519,44,1,103.11
3150,2520,10,2,1512.11
3151,2521,70,1,202.68
3152,2521,21,1,255.04
3153,2522,35,1,1784.44
3154,2523,51,1,315.34
3155,2524,94,1,1180.39
3156,2525,60,1,1425.16
3157,2526,111,1,368.2
3158,2527,63,1,146.65
3159,2527,30,1,2561.22
3160,2528,92,2,48.63
3161,2529,10,2,1531.89
3162,2530,29,2,2602.38
3163,2531,35,1,1748.49
3164,2531,9,1,1722.91
3165,2532,104,1,1506.14
3166,2533,24,1,202.19
3167,2534,12,1,1417.5
3168,2534,51,1,318.89
3169,2535,102,1,1478.67
3170,2535,113,1,218.54
3171,2536,54,1,1757.56
3172,2536,47,1,1110.93
3173,2537,83,1,659.77
3174,2538,16,1,808.51
3175,2539,116,1,173.99
3176,2540,19,1,353.22
3177,2540,64,1,561.79
3178,2541,11,1,1697.52
3179,2542,116,1,168.29
3180,2543,44,1,99.41
3181,2544,115,1,516.34
3182,2544,106,1,1478.61
3183,2545,37,1,682.0
3184,2546,24,1,202.69
3185,2546,99,2,768.48
3186,2547,104,1,1585.13
3187,2548,104,1,1478.88
3188,2549,52,3,478.81
3189,2550,4,2,1031.72
3190,2551,111,1,388.2
3191,2552,38,1,514.89
3192,2553,8,1,2022.11
3193,2554,53,1,644.76
3194,2555,100,1,1985.47
3195,2556,103,1,1710.62
3196,2556,38,1,504.95
3197,2557,35,1,1752.88
3198,2557,54,1,1828.54
3199,2558,6,1,458.7
3200,2559,104,3,1501.6
3201,2560,95,1,758.36
3202,2560,55,1,1866.12
3203,2561,49,1,812.39
3204,2562,77,1,1969.08
3205,2563,49,1,758.36
3206,2563,106,2,1484.65
3207,2564,55,1,1911.96
3208,2565,32,1,1693.21
3209,2566,107,1,1131.98
3210,2567,40,1,342.77
3211,2568,67,1,251.36
3212,2568,86,1,383.32
3213,2569,100,1,1978.5
3214,2570,93,1,1108.64
3215,2571,48,1,1056.08
3216,2572,26,1,333.05
3217,2573,107,1,1235.68
3218,2573,116,1,170.58
3219,2574,19,1,338.06
3220,2575,49,1,759.34
3221,2576,17,2,144.45
3222,2577,66,1,337.8
3223,2578,113,1,221.75
3224,2579,111,1,370.6
3225,2580,83,1,604.66
3226,2580,9,1,1741.0
3227,2581,34,1,1274.47
3228,2582,23,1,507.59
3229,2583,12,1,1360.21
3230,2584,25,1,411.4
3231,2584,15,1,1074.75
3232,2585,4,1,1046.67
3233,2585,111,1,397.12
3234,2586,55,1,1900.98
3235,2587,47,1,1074.44
3236,2588,35,1,1755.39
3237,2589,110,2,584.17
3238,2590,21,2,240.61
3239,2591,78,1,1948.59
3240,2592,13,1,623.87
3241,2593,39,1,499.47
3242,2594,114,1,472.3
3243,2595,90,1,87.69
3244,2596,53,1,657.49
3245,2597,119,1,880.54
3246,2598,109,1,145.94
3247,2599,68,1,458.72
3248,2600,87,1,612.83
3249,2601,25,1,416.57
3250,2602,76,2,2541.11
3251,2603,33,1,381.77
3252,2604,32,1,1656.29
3253,2605,90,1,93.54
3254,2606,22,1,453.73
3255,2607,99,1,776.36
3256,2608,19,1,361.52
3257,2608,117,1,416.7
3258,2609,38,1,478.9
3259,2610,85,1,547.05
3260,2611,104,1,1505.39
3261,2612,97,1,359.1
3262,2613,49,1,765.79
3263,2614,64,1,541.26
3264,2615,86,1,397.16
3265,2616,51,3,311.84
3266,2617,6,1,460.22
3267,2617,68,1,471.91
3268,2618,37,3,716.6
3269,2619,96,1,1062.58
3270,2619,27,1,787.78
3271,2620,113,2,211.77
3272,2621,17,1,146.66
3273,2622,34,1,1353.43
3274,2623,74,2,259.02
3275,2624,1,1,1180.84
3276,2625,47,1,1114.52
3277,2626,104,1,1535.47
3278,2627,99,1,775.63
3279,2628,21,1,243.23
3280,2629,14,1,1273.81
3281,2630,99,1,760.36
3282,2631,1,1,1239.51
3283,2632,107,2,1238.13
3284,2633,1,1,1256.28
3285,2634,5,2,341.18
3286,2635,51,1,332.23
3287,2636,22,1,452.64
3288,2637,108,1,816.56
3289,2638,114,1,489.34
3290,2639,2,1,1126.12
3291,2639,32,1,1712.93
3292,2640,66,1,354.63
3293,2641,118,2,325.96
3294,2641,44,1,103.66
3295,2642,9,1,1874.96
3296,2642,70,1,200.47
3297,2643,63,1,156.91
3298,2643,40,2,334.55
3299,2644,117,1,425.16
3300,2645,48,1,1027.02
3301,2645,92,1,46.36
3302,2646,48,1,1107.13
3303,2646,37,1,717.86
3304,2647,75,1,2434.0
3305,2648,16,1,761.82
3306,2649,71,1,464.35
3307,2650,107,1,1220.63
3308,2651,104,1,1555.29
3309,2652,52,1,455.33
3310,2653,70,1,190.51
3311,2654,118,1,316.61
3312,2654,11,1,1729.48
3313,2655,74,2,256.38
3314,2656,26,1,354.55
3315,2657,22,2,467.91
3316,2657,45,3,126.79
3317,2658,117,1,412.07
3318,2658,72,1,375.43
3319,2659,86,1,399.27
3320,2660,119,1,901.6
3321,2661,3,1,817.79
3322,2662,11,1,1699.99
3323,2663,106,1,1451.14
3324,2663,49,2,769.64
3325,2664,108,1,825.6
3326,2665,108,1,844.28
3327,2666,25,1,410.16
3328,2667,66,1,355.65
3329,2667,50,1,1065.08
3330,2668,19,1,353.17
3331,2669,83,1,641.05
3332,2670,104,1,1484.67
3333,2671,26,2,348.94
3334,2672,78,1,1873.57
3335,2673,87,1,621.7
3336,2674,117,1,403.57
3337,2675,5,1,361.2
3338,2676,111,2,396.39
3339,2676,88,1,57.37
3340,2677,65,3,309.76
3341,2678,77,1,1886.97
3342,2679,8,1,1936.02
3343,2679,42,2,60.24
3344,2680,61,1,1063.82
3345,2681,21,1,244.6
3346,2682,77,1,1839.21
3347,2683,88,1,61.67
3348,2684,49,1,781.39
3349,2685,118,2,323.67
3350,2686,106,2,1401.6
3351,2687,84,1,527.99
3352,2688,45,1,124.77
3353,2688,43,1,37.54
3354,2689,112,2,336.41
3355,2690,27,1,792.66
3356,2690,26,1,359.96
3357,2691,117,1,406.32
3358,2691,61,1,1022.82
3359,2692,77,1,1885.39
3360,2693,9,1,1835.71
3361,2694,42,2,57.92
3362,2695,45,1,134.46
3363,2696,54,2,1808.25
3364,2697,9,1,1857.34
3365,2698,82,1,1227.02
3366,2698,48,1,1097.54
3367,2699,103,1,1715.66
3368,2700,35,1,1741.21
3369,2700,48,2,1060.66
3370,2701,78,1,1875.6
3371,2701,76,1,2684.48
3372,2702,58,1,1278.27
3373,2703,48,1,1035.96
3374,2703,45,1,132.75
3375,2704,108,1,841.31
3376,2705,18,1,621.7
3377,2706,110,1,581.86
3378,2707,84,1,487.47
3379,2708,105,1,621.15
3380,2708,109,1,150.03
3381,2709,98,1,478.56
3382,2710,54,1,1756.48
3383,2711,56,1,1699.66
3384,2712,15,1,1152.53
3385,2713,71,1,456.88
3386,2714,114,1,487.32
3387,2715,16,1,798.06
3388,2716,62,1,796.4
3389,2717,12,2,1338.38
3390,2717,30,1,2378.81
3391,2718,91,1,119.69
3392,2718,103,1,1789.4
3393,2719,4,2,1016.32
3394,2720,8,3,2021.37
3395,2720,35,1,1725.68
3396,2721,102,1,1438.56
3397,2722,18,1,577.84
3398,2723,75,1,2389.24
3399,2723,95,1,779.39
3400,2724,63,1,152.81
3401,2725,108,1,792.74
3402,2726,50,1,1086.48
3403,2727,61,2,1025.76
3404,2728,103,1,1836.11
3405,2729,27,3,802.7
3406,2730,109,1,144.29
3407,2731,82,1,1136.58
3408,2732,111,1,364.99
3409,2733,13,2,673.17
3410,2734,8,1,1994.24
3411,2735,68,1,453.32
3412,2736,106,1,1398.16
3413,2737,14,1,1337.24
3414,2738,98,1,486.99
3415,2739,2,1,1067.31
3416,2740,50,1,1122.86
3417,2741,1,1,1144.03
3418,2742,82,1,1241.49
3419,2743,19,1,360.36
3420,2743,50,1,1114.67
3421,2744,108,1,862.1
3422,2745,65,1,325.29
3423,2745,10,2,1561.09
3424,2746,10,3,1508.57
3425,2747,19,1,341.03
3426,2748,104,1,1482.2
3427,2749,30,2,2462.06
3428,2750,26,1,342.16
3429,2750,13,1,632.87
3430,2751,25,1,406.23
3431,2752,60,1,1391.23
3432,2753,109,1,145.97
3433,2753,44,1,102.18
3434,2754,24,2,199.16
3435,2755,111,1,395.89
3436,2755,12,1,1439.88
3437,2756,43,1,40.06
3438,2757,11,1,1610.52
3439,2757,109,1,137.84
3440,2758,66,1,345.52
3441,2759,28,1,239.73
3442,2760,83,1,620.96
3443,2760,54,1,1734.73
3444,2761,26,1,347.68
3445,2762,105,1,615.96
3446,2763,51,1,337.35
3447,2764,108,1,785.82
3448,2764,113,1,222.33
3449,2765,74,1,263.18
3450,2766,105,1,572.58
3451,2767,107,1,1229.46
3452,2768,74,1,256.13
3453,2769,71,1,469.08
3454,2770,88,1,60.37
3455,2771,65,1,320.46
3456,2771,35,1,1815.41
3457,2772,23,1,486.7
3458,2773,42,1,57.3
3459,2774,82,1,1186.04
3460,2775,4,1,966.83
3461,2776,77,1,1795.22
3462,2776,55,1,1946.84
3463,2777,117,2,427.1
3464,2778,89,1,40.88
3465,2779,67,1,247.97
3466,2780,107,3,1226.9
3467,2781,83,1,611.14
3468,2782,15,3,1124.65
3469,2783,59,1,591.02
3470,2783,14,1,1268.05
3471,2784,5,3,346.55
3472,2785,40,1,332.83
3473,2786,67,1,254.26
3474,2787,79,1,442.13
3475,2788,114,1,511.38
3476,2789,77,1,1791.61
3477,2790,100,1,1991.58
3478,2791,40,1,363.15
3479,2792,13,2,623.35
3480,2793,73,1,871.83
3481,2793,96,1,1131.1
3482,2794,103,1,1869.89
3483,2795,109,3,145.59
3484,2795,44,1,99.37
3485,2796,17,2,145.81
3486,2796,70,1,201.39
3487,2797,114,1,495.4
3488,2798,73,1,830.84
3489,2799,53,1,659.93
3490,2799,15,2,1069.18
3491,2800,82,2,1141.95
3492,2801,33,1,408.15
3493,2802,17,2,153.35
3494,2803,4,1,1029.0
3495,2804,99,1,762.67
3496,2805,27,1,768.33
3497,2806,58,1,1284.83
3498,2807,65,1,318.39
3499,2808,82,1,1142.6
3500,2809,116,1,180.9
3501,2809,61,1,1082.65
3502,2810,39,1,500.01
3503,2810,30,1,2411.01
3504,2811,47,1,1160.55
3505,2812,9,1,1723.61
3506,2813,71,2,463.51
3507,2814,114,1,472.39
3508,2814,5,2,365.07
3509,2815,56,1,1704.38
3510,2816,74,1,271.81
3511,2817,15,1,1059.05
3512,2818,61,1,986.26
3513,2819,75,1,2268.12
3514,2820,15,3,1101.03
3515,2821,65,1,336.19
3516,2822,57,1,1631.93
3517,2823,45,1,132.12
3518,2824,62,1,796.43
3519,2825,90,1,91.48
3520,2826,64,1,542.11
3521,2827,56,1,1706.54
3522,2827,64,1,563.73
3523,2828,51,1,328.72
3524,2829,45,1,127.91
3525,2830,57,1,1646.57
3526,2831,35,1,1709.32
3527,2832,89,3,40.5
3528,2833,94,2,1245.11
3529,2834,37,1,681.93
3530,2834,24,2,198.77
3531,2835,119,1,891.21
3532,2836,7,1,670.1
3533,2837,22,1,441.27
3534,2838,25,1,418.09
3535,2839,60,1,1502.87
3536,2839,76,1,2756.87
3537,2840,100,1,2069.12
3538,2841,36,1,1158.24
3539,2841,39,1,477.56
3540,2842,114,1,494.75
3541,2843,14,1,1265.46
3542,2844,64,3,532.11
3543,2844,24,1,190.6
3544,2845,67,1,253.07
3545,2846,36,1,1147.31
3546,2846,98,1,483.86
3547,2847,32,1,1730.16
3548,2848,94,1,1261.51
3549,2849,34,1,1260.58
3550,2850,13,3,622.22
3551,2851,47,1,1130.44
3552,2852,77,1,1913.88
3553,2853,68,1,443.2
3554,2853,33,2,406.2
3555,2854,11,1,1583.8
3556,2855,89,1,41.05
3557,2856,101,1,1729.85
3558,2857,48,1,1026.93
3559,2858,34,1,1294.92
3560,2858,54,1,1849.01
3561,2859,80,1,1187.04
3562,2860,116,1,170.9
3563,2861,85,1,544.87
3564,2861,115,2,551.01
3565,2862,45,1,125.12
3566,2863,97,2,377.03
3567,2864,95,1,787.93
3568,2865,81,1,1825.5
3569,2866,119,2,865.05
3570,2867,8,1,2048.98
3571,2868,39,1,495.95
3572,2869,25,1,408.8
3573,2870,7,2,673.08
3574,2871,9,1,1814.74
3575,2872,91,1,112.77
3576,2873,38,1,510.58
3577,2874,117,1,392.83
3578,2874,76,1,2682.77
3579,2875,7,1,680.57
3580,2876,104,1,1550.24
3581,2877,81,2,1796.47
3582,2877,70,1,206.55
3583,2878,26,1,360.66
3584,2879,98,1,463.4
3585,2879,1,1,1230.97
3586,2880,9,1,1750.0
3587,2881,36,1,1178.98
3588,2882,36,1,1178.47
3589,2882,31,1,2077.74
3590,2883,36,1,1249.65
3591,2884,31,1,2037.09
3592,2885,74,2,251.69
3593,2886,28,1,248.86
3594,2886,63,1,153.68
3595,2887,72,1,352.49
3596,2888,61,1,1083.26
3597,2889,70,1,190.69
3598,2890,29,1,2486.35
3599,2891,102,2,1494.86
3600,2892,73,1,831.79
3601,2893,91,1,122.82
3602,2894,45,3,123.21
3603,2895,59,1,633.04
3604,2895,15,1,1071.52
3605,2896,85,1,516.53
3606,2897,113,1,223.12
3607,2898,38,1,482.56
3608,2898,57,1,1634.76
3609,2899,22,2,471.14
3610,2899,90,1,85.83
3611,2900,99,1,713.02
3612,2901,19,1,336.0
3613,2902,70,3,206.17
3614,2903,112,1,325.7
3615,2904,8,1,1922.2
3616,2905,31,2,2025.84
3617,2906,51,1,334.11
3618,2907,27,1,833.43
3619,2908,98,2,470.31
3620,2908,40,1,349.04
3621,2909,50,1,1124.56
3622,2910,108,2,818.43
3623,2911,8,1,2090.25
3624,2912,55,1,1897.52
3625,2913,67,1,257.91
3626,2914,56,1,1647.72
3627,2915,73,1,810.3
3628,2916,36,1,1238.38
3629,2917,44,1,98.68
3630,2917,74,1,267.06
3631,2918,27,1,826.0
3632,2919,38,1,500.2
3633,2920,55,1,2011.28
3634,2920,87,1,621.46
3635,2921,76,1,2761.57
3636,2921,50,1,1128.14
3637,2922,34,1,1283.62
3638,2923,11,1,1638.62
3639,2923,109,1,148.49
3640,2924,45,1,133.69
3641,2925,64,1,543.22
3642,2925,24,2,192.18
3643,2926,103,2,1785.65
3644,2926,103,1,1749.62
3645,2927,99,1,740.01
3646,2927,37,1,675.35
3647,2928,5,1,342.41
3648,2929,63,1,146.99
3649,2930,93,1,1170.33
3650,2930,1,1,1183.68
3651,2931,97,1,373.86
3652,2932,59,1,619.85
3653,2932,102,1,1497.8
3654,2933,73,1,851.81
3655,2934,100,1,2114.15
3656,2935,13,2,625.88
3657,2935,69,1,515.25
3658,2936,73,1,858.56
3659,2937,91,1,120.96
3660,2937,35,2,1851.47
3661,2938,109,2,146.62
3662,2939,86,1,365.93
3663,2940,87,1,637.1
3664,2941,91,1,119.69
3665,2942,61,3,1010.62
3666,2943,64,1,546.94
3667,2943,90,1,86.37
3668,2944,105,1,569.74
3669,2945,96,1,1077.81
3670,2945,72,1,360.5
3671,2946,87,2,617.38
3672,2946,43,3,38.27
3673,2947,47,1,1150.3
3674,2948,79,1,453.7
3675,2949,55,1,2022.11
3676,2950,15,2,1137.58
3677,2951,111,2,394.97
3678,2951,28,1,240.4
3679,2952,18,1,590.25
3680,2953,4,2,1003.68
3681,2954,103,1,1731.49
3682,2955,118,1,316.89
3683,2955,94,3,1256.78
3684,2956,1,1,1188.38
3685,2957,7,1,700.89
3686,2957,35,2,1777.4
3687,2958,119,1,822.16
3688,2959,20,1,327.82
3689,2960,11,1,1677.59
3690,2961,57,1,1707.85
3691,2962,61,2,1001.14
3692,2963,60,2,1398.52
3693,2963,10,3,1477.59
3694,2964,78,2,1955.66
3695,2965,10,1,1515.4
3696,2966,120,2,262.48
3697,2967,53,1,650.56
3698,2968,30,1,2532.66
3699,2969,47,1,1098.54
3700,2969,9,1,1768.18
3701,2970,70,2,201.8
3702,2971,15,1,1090.84
3703,2972,81,1,1787.69
3704,2972,110,1,597.87
3705,2973,116,1,181.87
3706,2974,103,1,1791.98
3707,2975,32,3,1705.53
3708,2975,75,1,2413.73
3709,2976,14,1,1264.78
3710,2977,47,1,1160.93
3711,2978,89,1,39.97
3712,2979,103,1,1769.76
3713,2980,36,1,1160.71
3714,2980,38,1,516.23
3715,2981,77,1,1903.62
3716,2982,9,1,1717.91
3717,2982,17,1,147.97
3718,2983,101,3,1694.04
3719,2984,22,1,434.78
3720,2984,84,1,495.84
3721,2985,18,1,616.77
3722,2986,61,1,992.66
3723,2987,67,1,271.23
3724,2987,50,1,1090.25
3725,2988,120,1,243.0
3726,2989,45,1,131.89
3727,2990,72,1,352.89
3728,2991,18,1,576.93
3729,2992,74,3,261.01
3730,2993,44,3,96.49
3731,2993,31,1,2015.23
3732,2994,31,1,1918.51
3733,2994,85,1,531.61
3734,2995,106,1,1470.95
3735,2996,81,1,1727.45
3736,2997,74,1,251.32
3737,2998,44,1,98.27
3738,2999,83,1,644.81
3739,2999,94,1,1255.59
3740,3000,90,1,92.7
3741,3000,104,1,1531.53
3742,3001,120,1,238.92
3743,3002,118,1,302.9
3744,3003,65,1,311.72
3745,3003,21,1,261.15
3746,3004,88,1,56.87
3747,3005,82,1,1136.52
3748,3006,6,1,455.15
3749,3007,44,1,102.12
3750,3008,92,1,46.66
3751,3009,50,2,1049.81
3752,3009,36,1,1176.53
3753,3010,119,1,861.23
3754,3011,74,3,276.76
3755,3012,32,2,1685.95
3756,3012,75,2,2261.76
3757,3013,37,1,665.01
3758,3014,90,1,93.22
3759,3015,100,1,2005.42
3760,3016,19,1,334.85
3761,3017,19,1,342.37
3762,3017,75,3,2305.3
3763,3018,22,1,459.43
3764,3019,75,3,2229.62
3765,3020,33,1,387.67
3766,3021,105,1,571.25
3767,3022,80,1,1230.93
3768,3023,33,1,387.3
3769,3023,34,1,1297.48
3770,3024,53,1,640.52
3771,3025,3,1,817.8
3772,3025,81,1,1820.38
3773,3026,5,1,349.07
3774,3026,22,1,469.09
3775,3027,14,2,1339.15
3776,3028,96,1,1102.64
3777,3028,74,1,273.45
3778,3029,94,2,1206.17
3779,3030,75,1,2208.65
3780,3030,8,2,2089.0
3781,3031,30,1,2554.82
3782,3032,115,1,518.51
3783,3033,60,1,1479.31
3784,3034,43,1,38.29
3785,3035,111,3,398.58
3786,3035,49,1,798.66
3787,3036,96,1,1124.43
3788,3037,102,1,1444.51
3789,3038,3,1,773.44
3790,3039,92,1,47.97
3791,3040,31,1,1937.23
3792,3041,102,1,1414.89
3793,3042,13,1,621.14
3794,3043,84,1,479.91
3795,3043,56,1,1629.25
3796,3044,46,1,46.98
3797,3045,109,2,143.84
3798,3046,66,1,347.39
3799,3047,87,2,611.94
3800,3047,3,1,808.81
3801,3048,11,2,1689.98
3802,3048,51,1,328.74
3803,3049,34,2,1326.38
3804,3050,38,1,509.28
3805,3051,65,1,320.39
3806,3051,91,3,115.29
3807,3052,107,1,1136.87
3808,3052,41,1,628.42
3809,3053,70,1,188.74
3810,3054,91,1,112.83
3811,3055,28,1,238.43
3812,3055,51,2,320.45
3813,3056,11,2,1617.11
3814,3057,104,1,1599.07
3815,3058,73,2,810.09
3816,3059,33,1,394.69
3817,3060,36,1,1244.75
3818,3061,35,1,1843.02
3819,3062,43,2,38.35
3820,3062,62,1,737.55
3821,3063,26,1,334.65
3822,3064,1,2,1200.32
3823,3064,73,1,803.3
3824,3065,75,1,2430.02
3825,3066,6,1,457.75
3826,3067,24,1,191.8
3827,3068,86,3,381.86
3828,3069,95,1,723.14
3829,3070,108,1,815.39
3830,3071,40,2,351.66
3831,3071,50,2,1045.05
3832,3072,63,1,161.0
3833,3073,40,1,348.21
3834,3074,51,2,342.13
3835,3075,36,1,1223.87
3836,3076,85,1,525.22
3837,3076,79,2,432.63
3838,3077,10,2,1426.47
3839,3077,89,1,42.39
3840,3078,107,1,1170.64
3841,3079,60,1,1449.56
3842,3080,61,1,1052.42
3843,3080,40,1,345.62
3844,3081,59,1,600.93
3845,3082,110,1,589.43
3846,3082,57,1,1691.89
3847,3083,88,1,59.5
3848,3084,94,1,1197.91
3849,3085,62,1,748.74
3850,3086,102,1,1449.07
3851,3087,114,1,498.16
3852,3088,8,1,2080.09
3853,3088,110,1,620.19
3854,3089,55,1,1895.35
3855,3089,119,1,889.43
3856,3090,114,1,472.12
3857,3091,119,1,868.59
3858,3091,100,1,2122.1
3859,3092,65,2,327.25
3860,3093,112,1,332.81
3861,3094,7,1,714.74
3862,3094,93,1,1134.08
3863,3095,36,1,1173.05
3864,3096,36,1,1206.29
3865,3096,10,1,1518.54
3866,3097,72,1,378.13
3867,3097,4,1,964.25
3868,3098,24,1,190.37
3869,3099,61,2,988.25
3870,3100,58,2,1232.98
3871,3100,20,1,323.64
3872,3101,77,1,1893.16
3873,3101,32,1,1724.61
3874,3102,10,1,1497.62
3875,3103,61,2,1045.91
3876,3104,70,1,196.2
3877,3105,36,2,1193.25
3878,3106,15,1,1086.78
3879,3107,79,1,425.77
3880,3107,116,2,177.98
3881,3108,60,1,1460.62
3882,3109,113,1,217.93
3883,3110,44,1,100.69
3884,3111,17,1,153.8
3885,3112,59,2,601.15
3886,3112,43,1,40.18
3887,3113,52,1,471.5
3888,3114,104,1,1499.79
3889,3115,25,1,409.84
3890,3116,85,1,514.54
3891,3117,2,2,1080.92
3892,3118,23,1,497.09
3893,3118,44,1,103.2
3894,3119,108,1,854.77
3895,3120,45,1,125.65
3896,3121,75,1,2378.48
3897,3121,103,1,1866.72
3898,3122,14,2,1244.73
3899,3122,66,1,348.1
3900,3123,67,1,271.51
3901,3124,61,1,1053.03
3902,3125,44,1,103.84
3903,3126,79,1,421.4
3904,3127,99,1,726.94
3905,3127,104,1,1488.64
3906,3128,29,1,2551.45
3907,3128,99,1,764.65
3908,3129,102,1,1434.08
3909,3129,76,1,2661.09
3910,3130,92,3,46.21
3911,3131,21,1,254.0
3912,3131,72,2,359.14
3913,3132,25,1,413.17
3914,3133,113,1,214.18
3915,3134,26,1,336.48
3916,3135,25,1,406.53
3917,3136,80,1,1237.3
3918,3137,66,1,354.54
3919,3138,96,2,1127.84
3920,3139,39,1,502.13
3921,3140,93,3,1114.79
3922,3141,21,1,246.58
3923,3142,108,1,828.9
3924,3143,119,1,885.12
3925,3144,36,1,1231.78
3926,3144,58,1,1256.07
3927,3145,17,1,148.09
3928,3146,23,1,513.43
3929,3147,101,1,1773.33
3930,3148,112,1,350.36
3931,3148,24,3,205.86
3932,3149,33,1,408.47
3933,3150,110,1,579.06
3934,3151,114,1,487.03
3935,3152,11,1,1638.02
3936,3153,73,1,807.1
3937,3154,39,1,490.66
3938,3155,10,1,1466.09
3939,3156,98,1,448.73
3940,3157,98,1,473.66
3941,3158,41,1,634.87
3942,3159,55,1,1953.65
3943,3160,66,1,344.01
3944,3161,54,1,1724.42
3945,3161,85,1,547.93
3946,3162,116,1,173.65
3947,3163,96,1,1084.39
3948,3163,33,1,406.0
3949,3164,33,1,418.95
3950,3165,39,1,488.75
3951,3166,41,1,631.14
3952,3167,38,1,502.04
3953,3168,83,1,666.1
3954,3169,3,1,821.28
3955,3170,1,1,1218.54
3956,3171,74,1,251.84
3957,3172,21,1,247.53
3958,3173,111,1,368.09
3959,3174,27,1,814.7
3960,3175,9,1,1756.13
3961,3175,52,1,471.39
3962,3176,99,2,740.36
3963,3176,88,1,57.59
3964,3177,67,2,259.22
3965,3178,92,1,48.83
3966,3179,68,1,456.55
3967,3180,104,1,1617.35
3968,3181,63,2,157.14
3969,3181,90,1,85.83
3970,3182,38,2,486.64
3971,3182,54,1,1737.05
3972,3183,89,1,43.18
3973,3184,3,2,776.0
3974,3185,45,1,128.98
3975,3185,14,1,1356.08
3976,3186,30,1,2520.82
3977,3186,56,1,1594.4
3978,3187,7,1,704.91
3979,3188,66,2,329.77
3980,3189,49,1,809.66
3981,3189,45,1,131.97
3982,3190,29,1,2535.13
3983,3191,14,2,1251.29
3984,3192,1,1,1180.09
3985,3193,10,2,1539.42
3986,3194,85,1,551.81
3987,3195,1,1,1139.05
3988,3195,3,1,795.99
3989,3196,58,1,1202.73
3990,3197,20,3,338.76
3991,3198,118,1,312.78
3992,3198,82,1,1148.82
3993,3199,11,1,1607.92
3994,3200,64,1,572.67
3995,3201,4,1,951.65
3996,3201,25,1,405.28
3997,3202,42,1,59.73
3998,3203,41,2,645.48
3999,3203,80,1,1193.18
4000,3204,85,1,519.03
4001,3205,55,2,1959.85
4002,3205,24,2,205.57
4003,3206,16,1,792.05
4004,3207,83,1,647.31
4005,3207,33,1,391.39
4006,3208,62,1,762.55
4007,3209,37,1,720.34
4008,3210,91,1,121.85
4009,3210,80,2,1199.26
4010,3211,19,1,364.42
4011,3212,112,1,346.79
4012,3212,82,1,1158.31
4013,3213,70,1,195.3
4014,3214,10,1,1438.59
4015,3214,70,3,191.05
4016,3215,109,1,149.02
4017,3216,81,2,1708.61
4018,3217,74,1,250.85
4019,3218,110,1,581.62
4020,3219,11,1,1652.18
4021,3220,24,1,202.42
4022,3221,104,1,1484.96
4023,3222,112,2,324.39
4024,3223,81,1,1761.59
4025,3224,93,1,1138.52
4026,3224,23,1,499.3
4027,3225,74,1,276.46
4028,3226,97,1,370.29
4029,3226,104,1,1530.89
4030,3227,19,1,358.51
4031,3228,80,1,1206.29
4032,3229,10,1,1528.62
4033,3230,113,1,227.81
4034,3231,22,1,460.04
4035,3232,4,1,971.08
4036,3233,13,1,651.33
4037,3233,24,1,207.84
4038,3234,13,1,634.61
4039,3235,50,2,1082.87
4040,3236,55,1,2031.1
4041,3237,99,1,756.07
4042,3237,100,1,2032.97
4043,3238,110,2,609.62
4044,3238,30,1,2534.92
4045,3239,80,1,1188.77
4046,3240,55,1,1879.04
4047,3240,1,1,1209.69
4048,3241,117,3,403.49
4049,3241,113,1,228.41
4050,3242,65,1,319.23
4051,3242,73,1,801.76
4052,3243,61,2,1019.19
4053,3244,83,1,628.32
4054,3245,82,1,1236.2
4055,3246,89,1,41.62
4056,3247,102,1,1479.87
4057,3248,52,1,494.5
4058,3248,81,1,1744.6
4059,3249,111,1,374.11
4060,3250,80,1,1152.13
4061,3251,26,1,334.2
4062,3252,104,1,1630.17
4063,3253,65,1,327.44
4064,3254,71,1,452.2
4065,3254,17,1,155.99
4066,3255,99,1,744.32
4067,3256,30,1,2379.8
4068,3256,45,1,126.16
4069,3257,116,1,173.52
4070,3258,109,1,146.21
4071,3259,13,1,625.38
4072,3260,4,1,1038.95
4073,3261,45,1,131.79
4074,3262,31,1,1978.43
4075,3263,26,1,339.02
4076,3264,23,1,497.47
4077,3264,94,3,1281.25
4078,3265,103,3,1821.63
4079,3266,5,1,342.4
4080,3266,29,3,2504.24
4081,3267,85,3,554.01
4082,3268,108,2,786.07
4083,3269,19,1,333.77
4084,3270,100,1,2089.12
4085,3271,9,1,1724.93
4086,3271,101,1,1695.64
4087,3272,24,1,191.34
4088,3273,106,1,1422.61
4089,3273,19,2,363.88
4090,3274,66,2,357.75
4091,3274,6,1,441.7
4092,3275,22,1,464.99
4093,3276,49,2,743.94
4094,3276,78,1,1837.37
4095,3277,40,1,346.56
4096,3278,81,1,1712.11
4097,3279,25,1,391.11
4098,3280,75,1,2278.35
4099,3281,39,2,514.3
4100,3282,6,1,439.27
4101,3283,111,1,374.61
4102,3283,1,2,1222.71
4103,3284,57,1,1640.99
4104,3284,51,1,324.54
4105,3285,37,1,726.38
4106,3286,83,1,634.59
4107,3287,33,1,387.25
4108,3288,53,2,608.4
4109,3289,81,1,1805.24
4110,3289,77,1,1849.92
4111,3290,99,1,775.12
4112,3290,85,1,549.59
4113,3291,56,1,1574.89
4114,3291,5,3,336.92
4115,3292,87,1,647.22
4116,3292,68,1,482.51
4117,3293,76,1,2759.92
4118,3294,29,1,2457.71
4119,3295,105,3,595.62
4120,3296,23,1,476.21
4121,3297,20,3,325.72
4122,3298,43,1,39.93
4123,3299,53,1,662.65
4124,3299,99,1,748.42
4125,3300,92,2,47.11
4126,3301,24,2,206.45
4127,3302,25,1,417.07
4128,3303,13,1,661.59
4129,3304,66,1,339.77
4130,3305,99,2,744.72
4131,3306,60,2,1395.03
4132,3307,65,1,310.34
4133,3307,92,1,50.17
4134,3308,42,2,58.95
4135,3309,103,1,1838.44
4136,3310,68,1,473.65
4137,3311,42,1,59.39
4138,3312,39,1,521.11
4139,3313,43,1,39.02
4140,3314,91,1,112.86
4141,3314,70,1,198.8
4142,3315,74,1,258.51
4143,3316,3,1,773.91
4144,3317,109,1,143.22
4145,3318,97,1,359.61
4146,3319,113,1,226.89
4147,3320,20,2,321.41
4148,3321,103,1,1813.46
4149,3322,55,1,1925.97
4150,3323,43,1,40.73
4151,3324,98,1,445.29
4152,3325,88,1,58.28
4153,3326,11,1,1599.37
4154,3327,6,2,456.5
4155,3327,17,1,142.6
4156,3328,40,1,353.79
4157,3329,66,1,339.45
4158,3330,35,1,1881.97
4159,3331,74,1,253.61
4160,3332,94,1,1264.59
4161,3333,8,1,2068.76
4162,3334,4,2,965.78
4163,3334,82,2,1152.82
4164,3335,113,3,227.44
4165,3336,57,1,1721.23
4166,3337,26,1,336.8
4167,3338,3,1,795.27
4168,3339,83,1,639.91
4169,3340,103,1,1714.33
4170,3340,44,1,94.28
4171,3341,64,1,545.95
4172,3342,111,1,376.81
4173,3342,108,1,847.42
4174,3343,99,1,731.16
4175,3344,118,1,317.17
4176,3345,41,1,626.56
4177,3346,107,1,1204.52
4178,3346,84,1,528.42
4179,3347,59,1,585.76
4180,3348,100,1,2113.48
4181,3348,74,1,266.7
4182,3349,112,1,333.3
4183,3350,3,1,795.63
4184,3351,44,1,94.39
4185,3352,101,3,1660.88
4186,3353,35,2,1715.5
4187,3353,8,1,2031.24
4188,3354,108,1,790.32
4189,3355,67,1,257.09
4190,3356,52,1,492.19
4191,3356,92,1,50.17
4192,3357,49,1,773.94
4193,3357,113,2,228.11
4194,3358,20,1,328.14
4195,3359,48,1,1069.87
4196,3360,36,2,1145.25
4197,3361,95,1,766.6
4198,3361,38,1,484.83
4199,3362,33,2,398.09
4200,3363,55,1,1870.75
4201,3363,32,1,1727.85
4202,3364,95,1,719.43
4203,3365,59,1,601.06
4204,3365,68,1,443.86
4205,3366,67,1,259.72
4206,3367,54,1,1776.15
4207,3368,86,1,373.19
4208,3368,40,1,354.26
4209,3369,13,2,673.45
4210,3369,53,1,605.0
4211,3370,40,1,333.38
4212,3370,39,1,511.3
4213,3371,2,1,1050.64
4214,3372,25,1,400.69
4215,3372,51,1,340.62
4216,3373,38,1,502.0
4217,3374,29,1,2535.5
4218,3375,32,2,1625.69
4219,3376,44,1,103.42
4220,3377,53,1,664.46
4221,3378,106,1,1418.9
4222,3379,20,1,316.86
4223,3380,84,1,482.07
4224,3381,67,1,259.86
4225,3382,71,1,435.92
4226,3382,11,1,1637.03
4227,3383,63,1,156.53
4228,3384,11,1,1678.44
4229,3385,111,1,367.98
4230,3386,5,1,348.37
4231,3387,73,2,858.53
4232,3388,66,1,359.07
4233,3389,42,1,61.46
4234,3390,42,1,60.32
4235,3391,4,1,964.42
4236,3391,72,3,374.49
4237,3392,37,1,698.67
4238,3393,56,2,1641.45
4239,3393,108,2,813.5
4240,3394,89,1,41.06
4241,3395,51,1,322.63
4242,3396,87,1,635.78
4243,3397,90,3,87.43
4244,3398,1,2,1145.59
4245,3399,98,1,455.62
4246,3399,9,1,1821.61
4247,3400,113,2,210.39
4248,3400,93,1,1146.45
4249,3401,71,1,463.44
4250,3401,53,1,621.78
4251,3402,18,1,609.59
4252,3403,3,1,813.94
4253,3403,30,1,2547.92
4254,3404,60,1,1492.53
4255,3405,69,1,538.97
4256,3406,107,1,1187.27
4257,3407,98,2,477.32
4258,3408,118,1,309.24
4259,3409,113,1,223.13
4260,3410,49,1,772.57
4261,3411,95,1,737.24
4262,3412,106,3,1469.71
4263,3413,105,1,605.98
4264,3413,103,1,1801.19
4265,3414,50,1,1079.35
4266,3415,61,3,989.28
4267,3416,29,1,2403.58
4268,3417,17,1,152.92
4269,3418,52,1,488.33
4270,3419,5,1,343.09
4271,3419,15,1,1112.32
4272,3420,8,1,1967.37
4273,3420,33,1,411.19
4274,3421,45,1,131.83
4275,3422,54,3,1876.99
4276,3423,6,1,439.33
4277,3424,99,1,723.82
4278,3425,35,1,1886.96
4279,3426,90,2,92.95
4280,3427,30,1,2556.25
4281,3428,100,1,1963.19
4282,3429,61,2,1031.95
4283,3430,120,1,254.58
4284,3431,20,3,334.1
4285,3431,109,1,148.97
4286,3432,43,2,40.42
4287,3433,25,1,390.53
4288,3433,82,1,1146.19
4289,3434,78,1,1820.74
4290,3435,40,1,342.83
4291,3436,72,1,370.06
4292,3437,95,1,772.88
4293,3438,36,1,1149.09
4294,3438,68,1,474.86
4295,3439,102,1,1428.61
4296,3439,32,1,1675.86
4297,3440,82,1,1196.23
4298,3441,88,1,56.85
4299,3442,47,2,1096.56
4300,3442,64,1,570.51
4301,3443,20,1,321.74
4302,3444,18,1,575.4
4303,3445,96,1,1133.18
4304,3446,3,1,766.13
4305,3447,83,1,607.44
4306,3448,53,1,633.38
4307,3449,97,1,353.45
4308,3450,51,1,320.3
4309,3451,19,1,347.11
4310,3452,25,1,389.33
4311,3453,87,1,641.14
4312,3454,26,1,332.94
4313,3455,117,2,397.67
4314,3456,53,1,643.87
4315,3457,77,2,1898.45
4316,3457,26,1,356.57
4317,3458,30,1,2551.58
4318,3459,29,1,2401.62
4319,3460,68,1,454.31
4320,3461,98,1,488.79
4321,3462,7,1,704.06
4322,3463,12,3,1380.65
4323,3463,42,1,56.33
4324,3464,106,1,1418.97
4325,3465,3,3,793.39
4326,3466,34,1,1251.44
4327,3467,81,2,1771.51
4328,3468,50,1,1029.42
4329,3469,75,1,2321.86
4330,3469,103,1,1831.37
4331,3470,105,1,606.11
4332,3471,117,2,406.24
4333,3472,109,1,141.32
4334,3473,85,1,532.98
4335,3474,54,1,1844.26
4336,3474,65,1,309.1
4337,3475,80,1,1196.96
4338,3476,15,2,1108.91
4339,3477,88,1,60.29
4340,3478,71,2,430.08
4341,3479,86,1,389.36
4342,3479,33,1,395.33
4343,3480,41,1,653.44
4344,3480,79,1,429.85
4345,3481,22,1,439.29
4346,3482,13,1,641.51
4347,3483,100,1,1957.81
4348,3484,84,1,511.84
4349,3485,78,2,1941.06
4350,3486,48,1,1034.15
4351,3486,19,3,341.8
4352,3487,103,1,1861.49
4353,3488,64,3,578.1
4354,3489,56,3,1611.56
4355,3490,115,1,516.45
4356,3491,53,1,662.73
4357,3492,82,1,1151.75
4358,3492,51,1,311.87
4359,3493,117,1,413.06
4360,3494,62,1,808.61
4361,3494,86,1,388.97
4362,3495,106,1,1480.38
4363,3495,72,1,378.77
4364,3496,60,1,1491.21
4365,3497,107,1,1240.16
4366,3497,84,1,479.31
4367,3498,18,1,603.0
4368,3498,28,1,241.94
4369,3499,103,1,1707.9
4370,3499,5,1,352.1
4371,3500,66,2,360.2
4372,3500,49,2,811.21
4373,3501,120,1,246.58
4374,3501,17,1,143.84
4375,3502,106,1,1370.81
4376,3502,42,3,59.61
4377,3503,98,1,473.74
4378,3503,56,1,1713.48
4379,3504,77,1,1829.71
4380,3505,115,1,536.33
4381,3506,25,3,408.36
4382,3507,71,2,434.85
4383,3508,19,2,365.42
4384,3509,98,1,485.41
4385,3510,67,1,264.95
4386,3511,114,2,507.26
4387,3512,94,1,1183.5
4388,3513,2,1,1144.42
4389,3514,88,2,57.68
4390,3515,51,2,329.43
4391,3516,57,1,1766.0
4392,3516,98,1,451.29
4393,3517,94,1,1197.68
4394,3518,44,1,101.1
4395,3519,110,1,621.04
4396,3520,71,1,445.96
4397,3521,71,1,441.5
4398,3521,43,1,39.83
4399,3522,116,1,170.17
4400,3523,110,1,595.56
4401,3524,81,2,1779.23
4402,3525,84,3,487.15
4403,3526,86,1,387.2
4404,3527,112,2,324.29
4405,3528,54,1,1832.33
4406,3529,71,1,458.76
4407,3530,89,2,39.78
4408,3531,94,2,1285.37
4409,3532,11,1,1716.02
4410,3533,1,1,1174.94
4411,3534,72,1,380.01
4412,3535,108,2,827.12
4413,3536,40,2,346.04
4414,3537,105,1,604.01
4415,3538,16,1,799.58
4416,3539,60,1,1399.62
4417,3540,45,1,133.93
4418,3541,42,1,56.78
4419,3542,2,1,1119.78
4420,3543,37,1,683.84
4421,3544,82,1,1229.58
4422,3545,42,2,58.09
4423,3546,49,1,793.64
4424,3547,118,1,321.08
4425,3548,98,1,457.91
